number,type,name,Lng,Lat
1,岛内常规公交线路,BRT东芳山庄站点,118.1415262,24.48224034
2,岛内常规公交线路,BRT县后站点,118.145939,24.5285311
3,跨区常规公交线路,BRT双十中学站点,118.1501356,24.51994641
4,跨区常规公交线路,BRT同安公交场站站点,118.1330648,24.72230574
5,跨区常规公交线路,BRT同安枢纽站站点,118.1681365,24.47406908
6,跨区常规公交线路,BRT后田站点,118.3001146,24.65494411
7,岛内常规公交线路,BRT文灶站点,118.0980761,24.46854628
8,跨区常规公交线路,BRT潘涂站点,118.1462638,24.64078361
9,差异化公交线路,BRT第一码头站点,118.0671937,24.46438514
10,岛内常规公交线路,BRT蔡塘站点,118.1490761,24.49069851
11,定制公交线路,BRT蔡店站点,118.1412742,24.62887005
12,岛内常规公交线路,BRT高崎机场站点,118.1321248,24.54215578
13,跨区常规公交线路,IOI棕榈城站点,118.0717507,24.60138948
14,岛内常规公交线路,SM兴山路站点,118.121569,24.50352971
15,岛内常规公交线路,SM城市广场2站点,118.1219827,24.50408625
16,跨区常规公交线路,SM城市广场站点,118.121539,24.50350668
,,,,
18,空港快线,T3候机楼(空港快线站)站点,118.1272229,24.53363524
19,空港快线,T4候机楼(空港快线站)站点,118.1272229,24.53363524
,,,,
21,跨区常规公交线路,TDK站点,118.1097463,24.60782032
22,岛内常规公交线路,一中站点,117.935945,24.5687821
23,跨区常规公交线路,一农公交场站站点,117.9449395,24.52622805
24,漳州城际公交线路,一号路站点,118.1775141,24.46991793
25,岛内常规公交线路,七十三集团军医院站点,118.0927975,24.46204561
26,跨区常规公交线路,七星公交场站站点,118.0675802,24.4667071
27,跨区常规公交线路,七星西路站点,118.0928275,24.48987723
28,岛内常规公交线路,七星路口站点,118.0939791,24.48904511
29,岛内常规公交线路,万寿宾馆站点,118.0993214,24.46257952
30,岛内常规公交线路,万寿站点,118.1048653,24.46250062
31,岛内常规公交线路,万景花园站点,118.1050082,24.50844088
32,岛内常规公交线路,万翔商务中心站点,118.1191617,24.55068863
33,岛内常规公交线路,万翔物流园站点,118.1231901,24.55519545
34,跨区常规公交线路,三中站点,118.1164441,24.51430391
35,跨区常规公交线路,三兴社区站点,118.0258904,24.64536111
36,跨区常规公交线路,三忠站点,118.2155873,24.69603162
37,跨区常规公交线路,三社站点,118.0092765,24.60764517
38,岛内常规公交线路,三航大厦站点,118.0911728,24.51761317
,,,,
40,跨区常规公交线路,三香里站点,118.1419178,24.72373737
41,跨区常规公交线路,上吴站点,118.2390794,24.63402752
42,跨区常规公交线路,上宅村口站点,118.2358273,24.74289956
43,跨区常规公交线路,上宅站点,118.2358273,24.74289956
44,跨区常规公交线路,上峰站点,118.1880539,24.74560985
45,跨区常规公交线路,上庄公交场站站点,118.0675802,24.4667071
46,跨区常规公交线路,上庄站点,118.2347567,24.65472035
,,,,
48,跨区常规公交线路,上曾站点,117.9967479,24.52405427
49,差异化公交线路,上李站点,118.1185816,24.44157507
50,岛内常规公交线路,上李铁路休养院站点,118.1185285,24.44257721
51,岛内常规公交线路,上湖站点,118.1676814,24.50074935
52,跨区常规公交线路,上瑶路口站点,117.9805058,24.49588549
,,,,
54,跨区常规公交线路,下厝尾站点,118.2198027,24.66710645
55,跨区常规公交线路,下厝站点,117.9990456,24.64635579
56,跨区常规公交线路,下坂村口站点,118.2418138,24.65133116
57,跨区常规公交线路,下坂站点,118.0610966,24.80846743
58,岛内常规公交线路,下堡路站点,118.1840448,24.50042756
59,跨区常规公交线路,下峰站点,118.1873344,24.74410071
,,,,
,,,,
62,跨区常规公交线路,下李站点,118.1967574,24.66101248
63,岛内常规公交线路,下湖路口站点,118.1690485,24.50613168
64,跨区常规公交线路,下溪头站点,118.1730686,24.71659947
65,跨区常规公交线路,下潭尾湿地公园站点,118.2047055,24.64875414
66,跨区常规公交线路,丙洲大桥站点,118.1872269,24.66309874
67,跨区常规公交线路,东亭站点,118.1280088,24.61185695
68,跨区常规公交线路,东南航运中心站点,118.0354644,24.47818294
69,跨区常规公交线路,东园社区站点,118.3013933,24.6046389
70,跨区常规公交线路,东坑站点,118.0450931,24.49837958
71,岛内常规公交线路,东坪佳苑站点,118.1169892,24.46889658
72,岛内常规公交线路,东坪安置房站点,118.1211621,24.46586033
73,岛内常规公交线路,东坪山社站点,118.1374792,24.46997786
74,跨区常规公交线路,东头埔站点,118.1597208,24.66451391
75,轨道交通线路,东孚[地铁]站点,117.9255741,24.55750363
76,跨区常规公交线路,东孚洪塘站点,117.9425467,24.56944503
77,跨区常规公交线路,东孚浦头公交场站站点,117.9255741,24.55750363
78,漳州城际公交线路,东孚浦头站点,117.9255741,24.55750363
79,漳州城际公交线路,东孚莲花站点,117.9255741,24.55750363
80,轨道交通线路,东宅[地铁]站点,118.1066161,24.47695003
81,跨区常规公交线路,东安公交场站站点,118.1108158,24.60627201
82,跨区常规公交线路,东安北六里站点,118.1210841,24.60212323
83,跨区常规公交线路,东安站点,118.1137341,24.59917098
84,跨区常规公交线路,东安路口站点,118.1158307,24.60484907
85,岛内常规公交线路,东山水库站点,118.1366012,24.4710847
86,岛内常规公交线路,东山社站点,118.1066577,24.60867441
87,跨区常规公交线路,东屿村口站点,118.0355859,24.48195426
88,跨区常规公交线路,东市站点,118.1579813,24.750792
89,跨区常规公交线路,东方新城站点,118.2426438,24.61527162
90,跨区常规公交线路,东方高尔夫别墅站点,118.0332001,24.52349985
91,跨区常规公交线路,东方高尔夫站点,118.0470151,24.52178078
92,岛内常规公交线路,东明路站点,118.1038219,24.48262853
93,跨区常规公交线路,东桥站点,118.1524085,24.73792668
94,岛内常规公交线路,东浦一里站点,118.1166763,24.47525537
95,岛内常规公交线路,东浦三里站点,118.1290264,24.47650473
96,岛内常规公交线路,东浦幼儿园站点,118.1235374,24.47629381
97,跨区常规公交线路,东海学院站点,118.1675605,24.74789319
98,岛内常规公交线路,东渡二小站点,118.0872363,24.49612694
99,岛内常规公交线路,东渡公交场站站点,118.0675802,24.4667071
100,岛内常规公交线路,东渡狐尾山站点,118.0759879,24.48742745
101,跨区常规公交线路,东渡站点,118.0759879,24.48742745
102,轨道交通线路,东瑶[地铁]站点,118.1066161,24.47695003
103,轨道交通线路,东界[地铁]站点,118.1066161,24.47695003
104,岛内常规公交线路,东盛花园站点,118.1678425,24.47756911
105,岛内常规公交线路,东盛花园西门站点,118.1678425,24.47756911
106,跨区常规公交线路,东社站点,118.0024892,24.52921846
107,岛内常规公交线路,东芳山庄站点,118.1415262,24.48224034
108,轨道交通线路,两岸金融中心[地铁]站点,118.1901597,24.49226097
109,岛内常规公交线路,中医院分院站点,118.1305476,24.50120259
110,跨区常规公交线路,中医院站点,118.1445248,24.73760089
111,岛内常规公交线路,中华儿女美术馆站点,118.082218,24.43940798
112,差异化公交线路,中华城站点,118.0780906,24.45487838
113,空港快线,中埔站点,118.1135741,24.54118249
114,跨区常规公交线路,中孚花园站点,118.1420294,24.49485911
115,轨道交通线路,中山公园[地铁]站点,118.0852164,24.46188099
116,差异化公交线路,中山公园站点,118.0852164,24.46188099
117,差异化公交线路,中山路站点,118.0783054,24.45663556
118,漳州城际公交线路,中沧公路站站点,118.0053239,24.49137391
119,定制公交线路,中科院站点,118.0585029,24.61050246
120,跨区常规公交线路,中航城站点,118.0439311,24.59698052
121,跨区常规公交线路,中航紫金广场2站点,118.1874795,24.47880628
122,岛内常规公交线路,中航紫金广场站点,118.1874795,24.47880628
123,跨区常规公交线路,中骏四季阳光站点,118.0586755,24.64101792
124,跨区常规公交线路,临港新城站点,117.9813476,24.48026159
125,跨区常规公交线路,乌涂站点,118.1192852,24.71382997
126,轨道交通线路,乌石浦[地铁]站点,118.121462,24.50146331
127,岛内常规公交线路,乌石浦小学站点,118.1234079,24.50751736
128,岛内常规公交线路,乌石浦油画村总站站点,118.1241361,24.50863537
129,跨区常规公交线路,乌石浦油画村站点,118.1241361,24.50863537
130,跨区常规公交线路,乐活小镇站点,117.9790473,24.60225293
131,跨区常规公交线路,乐海公交场站站点,118.0675802,24.4667071
132,跨区常规公交线路,乐海百货站点,118.1311058,24.72315992
133,岛内常规公交线路,九中站点,118.103799,24.4669509
134,跨区常规公交线路,九溪小区站点,118.2521042,24.6099446
,,,,
136,跨区常规公交线路,二农坂头站点,118.0348731,24.65327637
137,跨区常规公交线路,二农工业区站点,118.015233,24.6395486
,,,,
,,,,
140,岛内常规公交线路,云海山庄站点,118.1625126,24.45599328
141,岛内常规公交线路,云顶南路茂后站点,118.1459029,24.4584276
142,岛内常规公交线路,云顶岩路站点,118.1410278,24.47282298
143,岛内常规公交线路,五一广场站点,118.106701,24.49357868
144,跨区常规公交线路,五显公交场站站点,118.1662688,24.7541553
145,跨区常规公交线路,五显大溪站点,118.1662688,24.7541553
146,跨区常规公交线路,五显赵厝站点,118.1662688,24.7541553
147,跨区常规公交线路,五显镇政府站点,118.1590032,24.74567526
148,跨区常规公交线路,五秀路站点,118.1664332,24.75524952
149,跨区常规公交线路,五缘学村站点,118.1566329,24.54056053
150,岛内常规公交线路,五缘水乡站点,118.1687753,24.51323011
,,,,
152,岛内常规公交线路,五缘湾公交场站站点,118.1799918,24.53298338
153,定制公交线路,五缘湾商务区站点,118.1611797,24.52102879
154,跨区常规公交线路,五缘湾消防站点,118.1628879,24.52144805
155,岛内常规公交线路,五缘湾营运中心站点,118.1807579,24.52981842
156,跨区常规公交线路,五缘湾西公交场站站点,118.1528457,24.52597899
157,岛内常规公交线路,五缘湾运动馆站点,118.1824149,24.52934336
158,岛内常规公交线路,五缘第二实验学校站点,118.1554452,24.52411951
159,定制公交线路,五缘西一路口站点,118.1589691,24.52185776
160,岛内常规公交线路,五缘西一里站点,118.1605074,24.54276496
161,岛内常规公交线路,五缘西三里站点,118.1576583,24.54295267
162,岛内常规公交线路,五缘西二里站点,118.1588457,24.52256961
163,岛内常规公交线路,五缘西五里站点,118.1535271,24.54299809
164,轨道交通线路,五通[地铁]站点,118.1834542,24.51745879
165,岛内常规公交线路,五通东宅站点,118.1834542,24.51745879
166,岛内常规公交线路,五通二里站点,118.1876126,24.50991312
167,岛内常规公交线路,五通会展中心站点,118.1874298,24.5292552
168,空港快线,五通客运码头站点,118.0668173,24.46055389
169,岛内常规公交线路,五通小区站点,118.1877078,24.50964225
170,岛内常规公交线路,五通泥金公交场站站点,118.1834542,24.51745879
171,岛内常规公交线路,五通港三路口站点,118.1834542,24.51745879
172,跨区常规公交线路,井头路口[暂停]站点,118.1981814,24.63302452
173,跨区常规公交线路,京口站点,118.0291252,24.45610283
,,,,
175,跨区常规公交线路,亭洋站点,118.2202007,24.64760587
,,,,
177,轨道交通线路,人才中心[地铁]站点,118.0973138,24.49223395
178,跨区常规公交线路,人才中心站点,118.0973138,24.49223395
179,漳州城际公交线路,人民银行站点,118.135313,24.7285737
180,漳州城际公交线路,仁和路口站点,118.1763012,24.46984867
181,跨区常规公交线路,仑头南站点,118.2262159,24.68500429
182,跨区常规公交线路,仑头站点,118.2274892,24.68755908
183,差异化公交线路,仓里站点,118.1145701,24.43525003
184,岛内常规公交线路,仙岳路站点,118.1734594,24.50757917
185,岛内常规公交线路,仙洞山庄站点,118.1054068,24.5055567
186,跨区常规公交线路,仙阁里站点,118.1127019,24.4991376
187,岛内常规公交线路,会展中心公交场站站点,118.1780455,24.46948783
188,岛内常规公交线路,会展北公交场站站点,118.0675802,24.4667071
189,岛内常规公交线路,会展南五路站点,118.1745432,24.46391236
190,岛内常规公交线路,会展南路口站点,118.1782462,24.46675473
191,跨区常规公交线路,会展路站点,118.1748345,24.47030202
192,岛内常规公交线路,体育东村站点,118.1066823,24.48971009
193,轨道交通线路,体育中心[地铁]站点,118.1028176,24.48737584
194,岛内常规公交线路,体育中心站点,118.1028176,24.48737584
195,岛内常规公交线路,体育中心西站点,118.0996789,24.48802686
196,岛内常规公交线路,体育路站点,118.1015032,24.49007375
197,岛内常规公交线路,体育路茶厂站点,118.0893995,24.48591493
198,轨道交通线路,何厝[地铁]站点,118.1332455,24.4949475
199,岛内常规公交线路,何厝小区站点,118.189219,24.48635047
200,跨区常规公交线路,何厝村口站点,118.1855686,24.48497994
201,跨区常规公交线路,何宅站点,118.2429962,24.73950232
202,岛内常规公交线路,佳丽花园站点,118.0965913,24.50673291
203,岛内常规公交线路,侯卿前站点,118.1482624,24.50148866
204,岛内常规公交线路,侯卿后站点,118.1524154,24.50165607
,,,,
,,,,
,,,,
208,跨区常规公交线路,光华里站点,118.0353199,24.55992743
209,跨区常规公交线路,光明路站点,118.0200729,24.56261633
210,岛内常规公交线路,光电一路口站点,118.1428824,24.53666685
211,岛内常规公交线路,光电二路站点,118.13723,24.53494559
212,跨区常规公交线路,兑山站点,118.0835168,24.60837959
213,跨区常规公交线路,全总休养中心站点,118.0564042,24.55886561
214,岛内常规公交线路,公交大厦站点,118.1084169,24.49407979
215,岛内常规公交线路,公园东路站点,118.0862336,24.46143157
216,岛内常规公交线路,公园东门站点,118.0881797,24.4644716
217,岛内常规公交线路,六中东渡校区站点,118.0827448,24.49796685
,,,,
219,岛内常规公交线路,兴园社区站点,118.1227572,24.51480756
220,跨区常规公交线路,兴店社区站点,118.1189091,24.69312141
,,,,
,,,,
223,漳州城际公交线路,兴港花园站点,118.0219045,24.48881358
224,岛内常规公交线路,兴湖花园站点,118.0918811,24.51710705
225,岛内常规公交线路,兴隆东里站点,118.1218126,24.51508953
226,岛内常规公交线路,兴隆路华荣路口站点,118.1035936,24.5113336
227,跨区常规公交线路,内厝站点,118.2723881,24.6667204
228,跨区常规公交线路,内厝车场站点,118.2723881,24.6667204
229,跨区常规公交线路,内垵村口站点,118.221847,24.6613843
230,跨区常规公交线路,内垵站点,118.221847,24.6613843
231,跨区常规公交线路,内官北站点,118.3146844,24.76393197
232,跨区常规公交线路,内官站点,118.3146844,24.76393197
233,跨区常规公交线路,内林站点,118.0791164,24.77187336
234,跨区常规公交线路,内田站点,118.2642397,24.66418738
235,跨区常规公交线路,内茂二里站点,118.0367321,24.57126398
236,跨区常规公交线路,内茂站点,118.0384743,24.57414814
237,漳州城际公交线路,农场加油站站点,118.1333369,24.49110606
238,漳州城际公交线路,农场场部站点,118.1333369,24.49110606
239,跨区常规公交线路,凤南站点,118.08783,24.6812447
240,跨区常规公交线路,凤山站点,117.9635421,24.5819102
241,岛内常规公交线路,凤屿路站点,118.1098467,24.47871034
242,跨区常规公交线路,凤林站点,118.1035644,24.59599328
243,跨区常规公交线路,凤湖路口站点,118.0894119,24.50869724
244,跨区常规公交线路,凤祥站点,118.133803,24.72726754
245,岛内常规公交线路,凯兴路站点,118.1161241,24.50874989
246,跨区常规公交线路,刘山村站点,118.036594,24.49323162
247,跨区常规公交线路,创业园站点,118.1257161,24.52028278
248,岛内常规公交线路,创新二路口站点,118.1199299,24.52332251
249,跨区常规公交线路,前场市头站点,118.2476687,24.6458432
250,跨区常规公交线路,前场站点,118.0126433,24.5797478
251,岛内常规公交线路,前埔二里站点,118.1682145,24.47575551
252,差异化公交线路,前埔公交场站站点,118.0675802,24.4667071
253,岛内常规公交线路,前埔北区站点,118.1670436,24.47613936
254,跨区常规公交线路,前埔医院站点,118.1681046,24.47123654
255,差异化公交线路,前埔南区站点,118.1677507,24.47050675
256,岛内常规公交线路,前埔村站点,118.1711121,24.4717973
257,岛内常规公交线路,前埔路岭兜站点,118.1662105,24.4761978
258,岛内常规公交线路,前田站点,118.116033,24.43819693
259,跨区常规公交线路,前进村站点,118.0265162,24.64039341
260,岛内常规公交线路,北大生物园站点,118.1413204,24.48711578
261,跨区常规公交线路,北市站点,117.9838791,24.47287984
262,跨区常规公交线路,北师大附校站点,118.0293922,24.46123508
263,跨区常规公交线路,北师大附校西站点,118.0293922,24.46123508
,,,,
,,,,
,,,,
267,岛内常规公交线路,华东花园站点,118.1149445,24.5070986
268,差异化公交线路,华侨博物院站点,118.0850457,24.44471583
269,定制公交线路,华侨大学站点,118.0795753,24.60642856
270,岛内常规公交线路,华光西路口站点,118.1058483,24.51865064
271,岛内常规公交线路,华光路站点,118.1075343,24.51665735
272,跨区常规公交线路,华兴学校站点,118.0786721,24.69549134
273,跨区常规公交线路,华大艺术街站点,118.0741249,24.60871564
,,,,
275,跨区常规公交线路,华昌站点,118.0949498,24.51399069
276,岛内常规公交线路,华昌西路口站点,118.090912,24.51366069
277,岛内常规公交线路,华景站点,118.1061523,24.50972465
,,,,
279,岛内常规公交线路,华林花园站点,118.1656261,24.47489148
280,跨区常规公交线路,华泰站点,118.0996229,24.51410053
281,岛内常规公交线路,华泰路站点,118.10057,24.51020831
282,岛内常规公交线路,华盛路口站点,118.0959176,24.5110634
283,岛内常规公交线路,华美站点,118.0929457,24.51606589
284,岛内常规公交线路,华荣站点,118.1013173,24.51419207
285,轨道交通线路,华荣路[地铁]站点,118.1035514,24.51343686
286,跨区常规公交线路,南尾井站点,118.0833644,24.61409487
287,跨区常规公交线路,南山公寓站点,118.0983046,24.50484497
288,岛内常规公交线路,南山小区站点,118.0946922,24.50629065
289,岛内常规公交线路,南山西路站点,118.0892881,24.50558884
290,跨区常规公交线路,南海二路口站点,117.9933943,24.48406092
291,跨区常规公交线路,南湖公园东门站点,118.1038179,24.48199242
292,岛内常规公交线路,南湖花园站点,118.10406,24.48419889
293,漳州城际公交线路,南炮台公园站点,118.0806685,24.46334132
294,岛内常规公交线路,博士山庄站点,118.1076278,24.51128971
295,岛内常规公交线路,卢厝村站点,118.1444092,24.5177112
296,岛内常规公交线路,卧龙晓城站点,118.1357257,24.48072197
297,跨区常规公交线路,卧龙西路口站点,118.1336303,24.48078087
298,跨区常规公交线路,印斗路口站点,118.0987703,24.58351294
299,跨区常规公交线路,厦大(南普陀)站点,118.1045781,24.43375794
300,漳州城际公交线路,厦大中门(漳州校区)站点,118.1045781,24.43375794
301,漳州城际公交线路,厦大北门(漳州校区)站点,118.1045781,24.43375794
302,差异化公交线路,厦大医院站点,118.0861433,24.43794411
303,漳州城际公交线路,厦大南门(漳州校区)站点,118.1045781,24.43375794
304,空港快线,厦大学生公寓站点,118.1112802,24.4418337
305,岛内常规公交线路,厦大白城站点,118.0974681,24.43486178
306,跨区常规公交线路,厦大翔安医院北站点,118.2590943,24.59027189
307,跨区常规公交线路,厦大翔安校区南门站点,118.305102,24.61147865
308,跨区常规公交线路,厦大翔安校区站点,118.305102,24.61147865
309,岛内常规公交线路,厦大艺术学院站点,118.1049695,24.43379314
310,差异化公交线路,厦大西村站点,118.0880864,24.44130126
,,,,
312,空港快线,厦大附中(漳州校区)站点,118.0919256,24.44076161
313,跨区常规公交线路,厦工桥箱站点,117.9856115,24.59639714
314,跨区常规公交线路,厦工重工站点,117.9980647,24.60074259
315,跨区常规公交线路,厦心医院北门站点,118.1683062,24.51186505
316,跨区常规公交线路,厦心医院站点,118.1683062,24.51186505
317,跨区常规公交线路,厦港公交场站站点,118.0675802,24.4667071
318,漳州城际公交线路,厦漳油画城(五恩宫)站点,118.0273742,24.4995795
,,,,
320,岛内常规公交线路,厦航大厦站点,118.1312313,24.53872916
321,空港快线,厦门北站(空港快线站)站点,118.1442919,24.54706827
322,轨道交通线路,厦门北站[地铁]站点,118.0690297,24.63877235
323,跨区常规公交线路,厦门北站站点,118.0690297,24.63877235
324,定制公交线路,厦门医学院北门站点,118.1138421,24.47652305
325,跨区常规公交线路,厦门卷烟厂站点,117.9899679,24.52800534
326,跨区常规公交线路,厦门古玩城站点,118.081806,24.49584099
327,岛内常规公交线路,厦门国际友好公园站点,118.1823675,24.47677293
328,跨区常规公交线路,厦门实验中学站点,118.1606051,24.64919261
329,差异化公交线路,厦门宾馆站点,118.0885092,24.45926459
330,跨区常规公交线路,厦门工学院南门站点,118.063482,24.61726556
331,跨区常规公交线路,厦门工学院站点,118.0655697,24.62210603
332,漳州城际公交线路,厦门湾一号站点,118.0728119,24.45217007
333,轨道交通线路,厦门火车站[地铁]站点,118.1112251,24.47020891
334,跨区常规公交线路,厦门电厂站点,118.0279919,24.56762937
335,跨区常规公交线路,厦门老年大学站点,118.0806552,24.46673493
336,岛内常规公交线路,厦门茶厂站点,118.0902838,24.48621585
337,轮渡线路,厦门轮渡码头(1号厅)站点,118.0685581,24.45782741
338,轮渡线路,厦门轮渡码头(2号厅)站点,118.0685581,24.45782741
339,定制公交线路,县后公交场站站点,118.0675802,24.4667071
340,跨区常规公交线路,友达南门站点,118.2092662,24.66035509
341,跨区常规公交线路,友达生活区站点,118.1994448,24.66570455
342,跨区常规公交线路,友达站点,118.2091154,24.66792283
343,跨区常规公交线路,双十中学(万益广场)站点,118.1501356,24.51994641
344,岛内常规公交线路,双十中学思明分校站点,118.1805369,24.47897798
345,岛内常规公交线路,双十中学枋湖校区站点,118.1380925,24.51178915
346,岛内常规公交线路,双十中学镇海校区站点,118.0805312,24.45361362
,,,,
348,跨区常规公交线路,双塔二路口站点,118.0935835,24.61903789
349,岛内常规公交线路,双涵路口站点,118.1124152,24.47563174
350,岛内常规公交线路,双狮北路站点,118.07738,24.49332231
351,岛内常规公交线路,双狮南路口站点,118.0715269,24.48949565
352,岛内常规公交线路,双狮南路站点,118.0715269,24.48949565
,,,,
354,跨区常规公交线路,口腔医院集美院区站点,118.0836853,24.46278774
355,轨道交通线路,古地石[地铁]站点,118.1625874,24.49025421
356,岛内常规公交线路,古地石社2站点,118.1628509,24.49152789
357,岛内常规公交线路,古地石社站点,118.1628509,24.49152789
358,岛内常规公交线路,古城西路站点,118.0781033,24.4588451
359,岛内常规公交线路,古楼公交场站站点,117.9762466,24.49344858
360,漳州城际公交线路,古楼农场站点,117.9781477,24.49086967
361,岛内常规公交线路,古楼路口站点,118.1658139,24.46989899
362,岛内常规公交线路,台东路站点,118.1899512,24.49242164
363,岛内常规公交线路,台南路口站点,118.1863532,24.48725467
364,跨区常规公交线路,叶厝站点,118.104506,24.60055794
365,岛内常规公交线路,吉家家世界总站站点,118.1494214,24.51212615
366,岛内常规公交线路,吉家家世界站点,118.1494214,24.51212615
367,跨区常规公交线路,同安一中滨海校区站点,118.1251622,24.43462202
368,跨区常规公交线路,同安一中站点,118.1503394,24.73950186
369,跨区常规公交线路,同安一小西洋校区站点,118.1406213,24.49437474
370,跨区常规公交线路,同安劳动力市场站点,118.1406213,24.49437474
371,跨区常规公交线路,同安区政府站点,118.1471327,24.72594406
372,跨区常规公交线路,同安城东工业区站点,118.1689715,24.72848612
373,跨区常规公交线路,同安文体中心站点,118.1406213,24.49437474
374,跨区常规公交线路,同安新城指挥部站点,118.1418626,24.66946217
375,跨区常规公交线路,同安法院站点,118.1526988,24.72896975
376,跨区常规公交线路,同安海关站点,118.1439641,24.65870675
377,跨区常规公交线路,同安电视台站点,118.1531109,24.72777257
378,跨区常规公交线路,同安第二实小站点,118.1439641,24.65870675
379,跨区常规公交线路,同宏路口站点,118.1078296,24.71149259
380,跨区常规公交线路,同美站点,118.2108722,24.67177292
381,跨区常规公交线路,同辉路口站点,118.1152191,24.69766573
382,跨区常规公交线路,同龙二路站点,118.1807441,24.68049696
,,,,
384,跨区常规公交线路,后仓路口站点,118.235302,24.57055653
385,定制公交线路,后吴站点,118.1612059,24.67341658
386,岛内常规公交线路,后坑前社站点,118.1212057,24.80553486
387,岛内常规公交线路,后坑后社站点,118.1485021,24.49941479
388,岛内常规公交线路,后坑后站点,118.1212057,24.80553486
389,岛内常规公交线路,后坑幼儿园站点,118.1495769,24.49622122
390,轨道交通线路,后埔[地铁]站点,118.0610267,24.62867524
391,跨区常规公交线路,后山头路站点,117.9700775,24.58481868
392,跨区常规公交线路,后房站点,118.23652,24.58457691
393,轨道交通线路,后村[地铁]站点,118.2679023,24.57576895
394,跨区常规公交线路,后树站点,118.2792971,24.60176872
395,岛内常规公交线路,后江埭站点,118.094567,24.46768165
396,跨区常规公交线路,后溪公交场站站点,118.0399567,24.63821945
397,跨区常规公交线路,后溪后垵路口站点,118.1178553,24.59764266
398,跨区常规公交线路,后溪新村站点,118.0182167,24.64602616
399,跨区常规公交线路,后溪正新站点,118.0399567,24.63821945
400,跨区常规公交线路,后溪站点,118.1507321,24.72835926
401,跨区常规公交线路,后珩站点,118.2795486,24.59160791
402,跨区常规公交线路,后田里站点,118.1244977,24.60613032
403,跨区常规公交线路,后詹站点,118.1242652,24.60719709
404,跨区常规公交线路,后郑站点,118.1137811,24.61423263
405,轨道交通线路,吕厝[地铁]站点,118.1332455,24.4949475
406,跨区常规公交线路,吕厝北站点,118.1220354,24.49591415
407,岛内常规公交线路,吕厝站点,118.1606782,24.66432471
408,岛内常规公交线路,吕厝西站点,118.1196798,24.49147593
409,岛内常规公交线路,吕岭路何厝站点,118.135892,24.49466338
410,岛内常规公交线路,吕岭路站点,118.135892,24.49466338
411,岛内常规公交线路,和宁路站点,118.0827407,24.49873296
412,差异化公交线路,和平码头站点,118.0729018,24.452235
413,跨区常规公交线路,和成路达站点,118.0288542,24.56311678
414,岛内常规公交线路,和旭路口站点,118.0836325,24.50150596
,,,,
416,定制公交线路,和通路口站点,118.0863302,24.49511405
417,岛内常规公交线路,和通里站点,118.0881444,24.49682882
418,定制公交线路,和顺里站点,118.0857888,24.49996292
419,跨区常规公交线路,和风小学站点,118.2265237,24.56398838
,,,,
421,跨区常规公交线路,啤酒厂站点,118.1650788,24.72686986
,,,,
,,,,
424,岛内常规公交线路,嘉园路站点,118.105632,24.51962365
425,岛内常规公交线路,嘉尚路口站点,118.1301359,24.55542027
,,,,
427,跨区常规公交线路,嘉庚体育馆站点,118.1019894,24.59041934
428,跨区常规公交线路,嘉庚公交场站站点,118.0675802,24.4667071
,,,,
430,岛内常规公交线路,嘉福社区站点,118.1106825,24.55148425
431,岛内常规公交线路,嘉禾园站点,118.0945434,24.47484587
432,岛内常规公交线路,嘉美花园站点,118.0743431,24.46666035
433,跨区常规公交线路,嘉裕幼儿园站点,118.0978415,24.529743
434,跨区常规公交线路,四口圳山前站点,118.1305594,24.6851307
435,跨区常规公交线路,四口圳站点,118.1305594,24.6851307
436,跨区常规公交线路,园博一里站点,118.1220558,24.50368928
437,跨区常规公交线路,园博三里站点,118.0547465,24.5855583
438,轨道交通线路,园博苑[地铁]站点,118.0600706,24.57470217
439,跨区常规公交线路,园博苑公交场站站点,118.0600706,24.57470217
440,跨区常规公交线路,园博苑南门站点,118.0600706,24.57470217
441,跨区常规公交线路,园博苑站点,118.0600706,24.57470217
442,跨区常规公交线路,园博苑西门站点,118.0586264,24.57346225
443,岛内常规公交线路,园山南路站点,118.1262879,24.50907006
444,跨区常规公交线路,园山站点,118.1279778,24.51292973
445,岛内常规公交线路,围里村口站点,118.1432776,24.53178797
446,岛内常规公交线路,围里社区站点,118.1392136,24.5305062
447,定制公交线路,围里站点,118.1461294,24.51542884
448,岛内常规公交线路,国家会计学院站点,118.1440304,24.44652417
,,,,
450,漳州城际公交线路,国税局站点,118.0546209,24.59688314
451,跨区常规公交线路,国贸中心站点,118.1759534,24.51017617
452,跨区常规公交线路,国贸新城站点,118.1675971,24.47472817
453,轨道交通线路,国际博览中心[地铁]站点,118.1165209,24.47799967
454,岛内常规公交线路,国际山庄站点,118.1489547,24.50662459
455,岛内常规公交线路,国际游艇汇站点,118.1782536,24.53225212
456,跨区常规公交线路,国际航运中心站点,118.0875419,24.51532049
,,,,
458,漳州城际公交线路,圣地亚哥站点,118.1592679,24.53428275
459,漳州城际公交线路,地铁东孚站站点,117.9287785,24.54766044
460,跨区常规公交线路,地铁五缘湾站站点,118.1623666,24.53560569
,,,,
462,漳州城际公交线路,地铁天竺山站站点,117.932304,24.58150394
463,跨区常规公交线路,地铁林前站站点,118.2265267,24.57836345
464,跨区常规公交线路,地铁海沧湾公园站站点,118.0488603,24.49007783
,,,,
,,,,
467,跨区常规公交线路,地铁钟宅站站点,118.1587841,24.52945831
468,跨区常规公交线路,地铁马青路站站点,118.0250909,24.49689515
469,跨区常规公交线路,坂上社站点,118.1408326,24.52485815
470,轨道交通线路,坂尚[地铁]站点,118.1418361,24.52190143
471,岛内常规公交线路,坂尚站点,118.1418361,24.52190143
472,岛内常规公交线路,坂美公园站点,118.1771918,24.51972569
473,岛内常规公交线路,坂美村站点,118.1779663,24.52523478
474,跨区常规公交线路,坑内村口站点,117.9579395,24.60562779
475,跨区常规公交线路,坑内路口站点,118.0935699,24.4614165
476,跨区常规公交线路,坑坪路站点,117.9647995,24.60387906
,,,,
478,跨区常规公交线路,城南站点,118.1346483,24.70592585
479,跨区常规公交线路,城场站点,118.2079108,24.63083618
480,岛内常规公交线路,城市职业学院南站点,118.1589893,24.46251088
481,岛内常规公交线路,城市职业学院站点,118.1610473,24.46495015
482,跨区常规公交线路,城西站点,118.1370907,24.72950535
483,跨区常规公交线路,埔后路口站点,118.1995936,24.71451032
484,跨区常规公交线路,埭头溪站点,118.0139381,24.49209559
485,跨区常规公交线路,埭辽站点,118.133939,24.53603975
486,岛内常规公交线路,埭辽路口站点,118.1316993,24.53783272
,,,,
488,跨区常规公交线路,塔埔北站点,118.1914548,24.48946471
489,岛内常规公交线路,塔埔社区站点,118.1884794,24.49888308
490,定制公交线路,塔埔路口站点,118.1880082,24.49986042
491,空港快线,塔头站点,118.1378836,24.43434176
492,岛内常规公交线路,塘边2站点,118.1209579,24.50456819
493,轨道交通线路,塘边[地铁]站点,118.1209579,24.50456819
494,跨区常规公交线路,塘边站点,118.1209579,24.50456819
495,岛内常规公交线路,墩上公交场站站点,118.0675802,24.4667071
496,岛内常规公交线路,墩岭路口站点,118.1552869,24.53706968
497,岛内常规公交线路,复旦中山厦门医院站点,118.1577815,24.5166499
498,岛内常规公交线路,夏商水产交易中心站点,118.1027283,24.54538815
499,跨区常规公交线路,外国语学校海沧校区站点,118.0328346,24.45821987
500,岛内常规公交线路,外国语学校瑞景分校站点,118.1492684,24.47871796
501,跨区常规公交线路,外国语学校站点,118.0872724,24.48045052
502,岛内常规公交线路,外贸新村站点,118.0781251,24.4472369
,,,,
504,跨区常规公交线路,大同东宅站点,118.1791745,24.72011061
505,岛内常规公交线路,大同中学前埔校区站点,118.164201,24.46782259
506,跨区常规公交线路,大同中心小学站点,118.1296976,24.74305176
507,岛内常规公交线路,大同路站点,118.0681884,24.45803786
508,跨区常规公交线路,大埕公园站点,117.992163,24.48097717
509,跨区常规公交线路,大学城站点,118.0875784,24.43927897
510,跨区常规公交线路,大学康城总站站点,118.0190351,24.59617046
511,跨区常规公交线路,大学康城站点,118.0190351,24.59617046
512,跨区常规公交线路,大屏山公交场站站点,118.0675802,24.4667071
513,漳州城际公交线路,大庵站点,117.9226817,24.55684706
,,,,
515,跨区常规公交线路,大生里站点,118.0803326,24.44860979
516,跨区常规公交线路,大路墘站点,117.9838414,24.61062207
517,跨区常规公交线路,天凤路口站点,118.1023551,24.59884492
518,跨区常规公交线路,天地花园站点,118.1273606,24.50005318
519,岛内常规公交线路,天安工业站点,118.1046952,24.51778194
,,,,
521,轨道交通线路,天水路[地铁]站点,118.0584114,24.6322792
522,跨区常规公交线路,天水路站点,118.0584114,24.6322792
523,岛内常规公交线路,天湖苑站点,118.0858508,24.47201054
,,,,
525,岛内常规公交线路,太古公司站点,118.1343266,24.53873561
526,跨区常规公交线路,太古宿舍站点,118.1293141,24.53045963
527,跨区常规公交线路,太湖新城站点,118.08562,24.46907711
528,跨区常规公交线路,太薇山庄站点,118.1431001,24.50586545
529,岛内常规公交线路,太薇花园站点,118.1413696,24.50008079
530,岛内常规公交线路,奔马新村站点,118.1028997,24.47249846
531,差异化公交线路,妇幼保健院站点,118.0764542,24.45289117
532,跨区常规公交线路,孙厝站点,118.2533107,24.64611504
533,跨区常规公交线路,孙厝路口2站点,118.0962863,24.58753971
534,跨区常规公交线路,孙厝路口站点,118.0955419,24.58706159
535,跨区常规公交线路,孚中央公交场站站点,118.0675802,24.4667071
536,跨区常规公交线路,宁店公交场站站点,117.9972055,24.48314619
537,跨区常规公交线路,宁店站点,117.9972055,24.48314619
538,跨区常规公交线路,宁海二里站点,118.0593292,24.56485053
539,跨区常规公交线路,宁海站点,118.0573616,24.56420251
540,轨道交通线路,安兜[地铁]站点,118.2260922,24.57897919
541,岛内常规公交线路,安兜[成功大道]站点,118.1310722,24.521595
542,岛内常规公交线路,安兜站点,118.131506,24.52292877
543,岛内常规公交线路,安岭二路口站点,118.1522782,24.52802921
544,岛内常规公交线路,安平路口站点,118.1066626,24.48447827
545,跨区常规公交线路,宋坂路口站点,118.2406937,24.61586939
546,跨区常规公交线路,宋洋站点,118.2169787,24.57928939
547,岛内常规公交线路,宏山新村站点,118.145693,24.50702598
548,轨道交通线路,官任[地铁]站点,118.1332455,24.4949475
549,跨区常规公交线路,官浔村口站点,118.1442058,24.65718617
550,跨区常规公交线路,宜兴路口站点,118.0241159,24.5737341
551,岛内常规公交线路,宜宾北路口站点,118.0933502,24.51164431
552,跨区常规公交线路,宝龙一城公交场站站点,118.1222921,24.49151078
553,岛内常规公交线路,宝龙中心站点,118.1133825,24.51835173
554,差异化公交线路,实验小学站点,118.1379241,24.51310306
555,岛内常规公交线路,实验幼儿园站点,118.0949173,24.57657187
556,跨区常规公交线路,富全钢铁站点,118.0329571,24.55935612
557,跨区常规公交线路,富雅国际站点,118.1150663,24.48358125
558,岛内常规公交线路,寨上公交场站站点,118.0675802,24.4667071
559,岛内常规公交线路,寨上小学站点,118.0945718,24.52557009
560,岛内常规公交线路,寨上村口站点,118.0963907,24.52784454
561,岛内常规公交线路,寨上社区站点,118.090134,24.50969026
562,岛内常规公交线路,寨上站点,118.098208,24.52696576
563,跨区常规公交线路,寨阳村口站点,118.1685724,24.74379839
564,跨区常规公交线路,寨阳站点,118.1726638,24.7421592
565,轨道交通线路,将军祠[地铁]站点,118.1332455,24.4949475
566,岛内常规公交线路,将军祠站点,118.0948624,24.46340892
567,轨道交通线路,小东山[地铁]站点,118.1219157,24.51681086
568,跨区常规公交线路,小东山站点,118.1219157,24.51681086
569,岛内常规公交线路,小白鹭艺术中心站点,118.1154536,24.43112395
570,跨区常规公交线路,小西门站点,118.1441469,24.73799023
,,,,
572,跨区常规公交线路,尚忠站点,118.1438786,24.52300896
,,,,
574,岛内常规公交线路,展鸿南路站点,118.1789924,24.47507752
575,跨区常规公交线路,山仰站点,117.9820364,24.47047192
,,,,
577,跨区常规公交线路,山后张路口站点,118.0182844,24.56337041
578,岛内常规公交线路,屿后北里站点,118.1146908,24.49693095
579,岛内常规公交线路,屿后南里站点,118.1156554,24.49452745
580,岛内常规公交线路,岐山北二路站点,118.1408178,24.53513229
581,岛内常规公交线路,岐山路口站点,118.1532211,24.53248842
582,跨区常规公交线路,岑尾路口站点,118.0300726,24.56010041
583,轨道交通线路,岩内[地铁]站点,118.0644599,24.64722482
584,岛内常规公交线路,岩前路口站点,118.1618345,24.46222715
585,跨区常规公交线路,岭上站点,118.0317734,24.45188233
586,岛内常规公交线路,岭下东路口站点,118.1581562,24.53427668
587,轨道交通线路,岭兜[地铁]站点,118.1332455,24.4949475
588,跨区常规公交线路,岭兜一里站点,118.1758674,24.47926844
589,跨区常规公交线路,岭兜二里站点,118.1716145,24.48312611
590,跨区常规公交线路,岭兜佳园站点,118.1710939,24.48808591
591,岛内常规公交线路,岭南里站点,118.1344123,24.50377247
592,跨区常规公交线路,岳口小区站点,118.1574558,24.72570965
593,定制公交线路,岳阳小区站点,118.0905834,24.49256778
594,跨区常规公交线路,崎沟站点,118.0534055,24.6259493
595,跨区常规公交线路,嵩屿中路站点,118.0312032,24.45849098
596,跨区常规公交线路,嵩屿公交场站站点,118.0675802,24.4667071
597,跨区常规公交线路,嵩屿农行站点,118.0329195,24.45646034
598,跨区常规公交线路,工业园服务中心站点,118.1548545,24.65382296
599,跨区常规公交线路,工业集中区站点,118.1342214,24.69219472
600,跨区常规公交线路,工商旅游学校站点,118.0810633,24.63121545
601,岛内常规公交线路,市交通局站点,118.137407,24.7349905
602,岛内常规公交线路,市儿童医院站点,118.1069072,24.50865894
603,岛内常规公交线路,市康复医院站点,118.1152005,24.49818758
604,岛内常规公交线路,市总工会旧址站点,118.0729763,24.45933624
605,岛内常规公交线路,市政务服务中心站点,118.1546768,24.51750329
606,岛内常规公交线路,市政府站点,118.084342,24.48172568
607,岛内常规公交线路,市政府西站点,118.084342,24.48172568
608,跨区常规公交线路,市火炬幼儿园站点,118.1218127,24.5133283
609,跨区常规公交线路,市运动训练中心站点,118.1652863,24.65734442
610,岛内常规公交线路,市金融中心站点,118.1853355,24.47756434
611,岛内常规公交线路,市音乐学校站点,118.1803082,24.52342986
612,跨区常规公交线路,布塘中路＊站点,118.2158824,24.74427441
613,跨区常规公交线路,布塘站点,118.2215705,24.74759059
,,,,
615,岛内常规公交线路,干休二所站点,118.0852649,24.45565083
616,跨区常规公交线路,平阳里站点,118.0869174,24.61785872
617,跨区常规公交线路,广兴南路口站点,118.0201511,24.57076175
618,岛内常规公交线路,广电中心站点,118.0933143,24.579453
619,跨区常规公交线路,店上站点,118.1705458,24.46978889
620,跨区常规公交线路,店仔站点,118.2259301,24.74799597
621,跨区常规公交线路,庵边路口站点,118.2291007,24.67706434
622,岛内常规公交线路,康乐二小站点,118.1143204,24.50939537
623,岛内常规公交线路,康乐站点,118.1144918,24.50770029
624,跨区常规公交线路,康浔村站点,118.1730285,24.7163884
625,轨道交通线路,建业路[地铁]站点,118.0788648,24.47771987
626,岛内常规公交线路,建业路站点,118.0788648,24.47771987
627,跨区常规公交线路,建兴路站点,118.0831371,24.47970687
628,岛内常规公交线路,开元街道站点,118.0898048,24.47012228
629,跨区常规公交线路,开禾路口站点,118.0699849,24.46054337
630,跨区常规公交线路,弘爱医院·厦心医院站点,118.1662643,24.50907283
631,岛内常规公交线路,弘爱医院北门站点,118.1662643,24.50907283
632,跨区常规公交线路,彭美站点,118.2092585,24.74114604
633,跨区常规公交线路,影视城站点,118.1602452,24.74704049
634,岛内常规公交线路,徐厝站点,118.0965086,24.51643517
635,岛内常规公交线路,忠仑站点,118.1447379,24.49173617
636,跨区常规公交线路,思北路口站点,118.0746004,24.46110415
637,岛内常规公交线路,思明二实小站点,118.1013861,24.46180502
638,差异化公交线路,思明交警站点,118.1133375,24.43404674
639,岛内常规公交线路,思明人武部站点,118.1505278,24.47401842
640,岛内常规公交线路,思明区政府站点,118.0776752,24.44812838
641,岛内常规公交线路,思明法院站点,118.1121507,24.47773888
642,岛内常规公交线路,怡景花园站点,118.1069335,24.51838521
643,岛内常规公交线路,恒盛大厦站点,118.1555288,24.53233061
644,岛内常规公交线路,悦华公寓站点,118.1029045,24.51678001
645,岛内常规公交线路,悦华路口站点,118.112212,24.5168176
646,岛内常规公交线路,悦华路后浦站点,118.1093744,24.51735361
647,跨区常规公交线路,悦美筼筜站点,118.0422488,24.56139775
648,跨区常规公交线路,惠佐站点,117.9834026,24.52670695
649,漳州城际公交线路,慈济东宫站点,117.9702858,24.48818572
650,跨区常规公交线路,打铁行站点,118.1489336,24.73085792
651,跨区常规公交线路,报业大厦站点,118.1302295,24.49458419
652,空港快线,招商局芯云谷站点,118.0707266,24.48706707
653,漳州城际公交线路,招商水务站点,118.0494829,24.5647533
654,漳州城际公交线路,招商物流站点,118.1272534,24.7079905
655,跨区常规公交线路,拥军路口站点,118.0582103,24.51317382
656,跨区常规公交线路,数字经济产业园站点,118.22834,24.64606209
657,跨区常规公交线路,文兴东路站点,118.1716306,24.46916983
658,定制公交线路,文化宫站点,118.046373,24.56521343
659,岛内常规公交线路,文化艺术中心南站点,118.1061246,24.49071593
660,跨区常规公交线路,文化艺术中心站点,118.0246017,24.48931333
661,跨区常规公交线路,文华苑站点,118.0470158,24.56690727
662,岛内常规公交线路,文园公寓站点,118.1031457,24.46184571
663,岛内常规公交线路,文塔站点,118.0984765,24.46685207
664,差异化公交线路,文屏山庄站点,118.1110084,24.46122117
665,岛内常规公交线路,文屏站点,118.1016879,24.46858432
666,岛内常规公交线路,文屏路站点,118.1122794,24.45709038
667,跨区常规公交线路,文康路口站点,118.0485323,24.56649626
668,岛内常规公交线路,文曾花苑站点,118.1163093,24.44007857
669,跨区常规公交线路,文滨花园站点,118.0537264,24.56600569
670,轨道交通线路,文灶[地铁]站点,118.1132121,24.47864487
671,差异化公交线路,文灶站点,118.0980761,24.46854628
672,岛内常规公交线路,斗西路口站点,118.0806562,24.46746506
673,跨区常规公交线路,新丰三路口站点,118.115166,24.51737814
674,岛内常规公交线路,新丰路站点,118.1211975,24.51592696
675,跨区常规公交线路,新兴街南站点,118.2409615,24.60639409
676,差异化公交线路,新华路口站点,118.0796569,24.4593842
677,跨区常规公交线路,新圩中心小学站点,118.2508757,24.7418176
678,跨区常规公交线路,新圩邮局站点,118.2468557,24.74115323
679,轨道交通线路,新垵[地铁]站点,117.9958111,24.53005881
680,跨区常规公交线路,新垵村站点,118.2994183,24.67385411
681,跨区常规公交线路,新娘山站点,118.2550875,24.66467739
682,跨区常规公交线路,新店东站点,118.2444964,24.63381619
683,跨区常规公交线路,新店公交场站站点,118.2444964,24.63381619
684,跨区常规公交线路,新店山前站点,118.2444964,24.63381619
685,跨区常规公交线路,新店站点,118.2444964,24.63381619
686,漳州城际公交线路,新村社路口站点,118.0167567,24.64351128
687,跨区常规公交线路,新民南山站点,118.0618912,24.67719604
688,跨区常规公交线路,新民卫生院站点,118.1266328,24.71477539
689,跨区常规公交线路,新民后垵站点,118.1158273,24.70828785
690,跨区常规公交线路,新民塘边站点,118.1158273,24.70828785
691,跨区常规公交线路,新民西塘社区站点,118.1008049,24.70797843
692,跨区常规公交线路,新民镇政府站点,118.1306644,24.71587368
693,跨区常规公交线路,新泉站点,118.186175,24.73927102
,,,,
695,跨区常规公交线路,新源路口站点,118.0230786,24.57185977
696,跨区常规公交线路,新源路站点,118.0230786,24.57185977
,,,,
698,跨区常规公交线路,新西桥站点,118.1366996,24.73311153
699,跨区常规公交线路,新阳保障房二期站点,118.3816937,24.56076514
700,跨区常规公交线路,新阳大厦站点,118.0085847,24.53473981
701,轨道交通线路,新阳大道[地铁]站点,118.0100721,24.54048902
702,跨区常规公交线路,新阳派出所站点,118.0054218,24.53021774
703,跨区常规公交线路,新阳站点,118.3816937,24.56076514
704,跨区常规公交线路,新阳西公交场站站点,118.3816937,24.56076514
705,跨区常规公交线路,新霞站点,118.2102535,24.70860408
706,跨区常规公交线路,新顺路口站点,117.967265,24.52308283
707,跨区常规公交线路,方特旅游区站点,118.1692856,24.68174564
708,岛内常规公交线路,旗山站点,118.1037488,24.53748978
709,跨区常规公交线路,日东公园站点,118.0310381,24.56385327
710,跨区常规公交线路,日东新村站点,118.0345291,24.56679889
711,跨区常规公交线路,日圆二里站点,118.1558647,24.51740246
712,跨区常规公交线路,日新路口站点,118.0338919,24.56159202
713,跨区常规公交线路,旭日海湾站点,118.042165,24.49089067
714,跨区常规公交线路,明发园站点,118.1711482,24.48549161
715,跨区常规公交线路,明发新城站点,118.1739794,24.47003038
716,岛内常规公交线路,明发海景苑站点,118.1742694,24.46534011
717,跨区常规公交线路,明达北门站点,118.0128077,24.52582538
718,跨区常规公交线路,春江里站点,118.2437429,24.63510118
719,岛内常规公交线路,普利大厦站点,118.086265,24.47008208
720,空港快线,曾厝垵(空港快线站)站点,118.1099408,24.43733683
721,跨区常规公交线路,曾厝垵站点,118.1099408,24.43733683
722,差异化公交线路,曾厝垵西路站点,118.1127825,24.43740197
,,,,
724,差异化公交线路,曾山站点,118.1275161,24.42724144
725,跨区常规公交线路,月浦路站点,118.0427337,24.56309884
726,岛内常规公交线路,望海路东站点,118.1803126,24.49004932
727,岛内常规公交线路,望海路西站点,118.1803126,24.49004932
728,跨区常规公交线路,朝拜埔站点,118.2156438,24.70429237
729,跨区常规公交线路,未来海岸站点,118.0301932,24.46301235
730,岛内常规公交线路,未来电影世界站点,118.1162974,24.5493747
731,岛内常规公交线路,机场北路嘉崇路口站点,118.1328202,24.55691717
732,跨区常规公交线路,机械工程学院站点,118.0917063,24.56989937
733,跨区常规公交线路,李林小学站点,117.9971067,24.62412934
734,跨区常规公交线路,李林站点,117.9945354,24.61984405
735,跨区常规公交线路,杏东小学站点,118.0588335,24.56841756
736,跨区常规公交线路,杏北二路站点,118.0388479,24.58286788
737,跨区常规公交线路,杏北六里站点,118.0462887,24.58536901
738,跨区常规公交线路,杏北小学站点,118.0267757,24.5824706
739,定制公交线路,杏北社区站点,118.0348419,24.57452871
740,跨区常规公交线路,杏北购物广场站点,118.0355297,24.58458773
741,跨区常规公交线路,杏北路站点,118.0375842,24.57214505
742,跨区常规公交线路,杏北锦园小区站点,118.0273166,24.58072907
743,跨区常规公交线路,杏南中学杏南校区站点,118.036522,24.56519601
744,跨区常规公交线路,杏南公交场站站点,118.0675802,24.4667071
745,跨区常规公交线路,杏南路达站点,118.0358297,24.56109831
746,跨区常规公交线路,杏林仰后站点,118.0369758,24.56786015
747,跨区常规公交线路,杏林工人文化宫站点,118.0462213,24.56523974
748,跨区常规公交线路,杏林文体中心站点,118.0502576,24.56594194
749,轨道交通线路,杏林村[地铁]站点,118.0511186,24.57483
750,跨区常规公交线路,杏林村站点,118.0511186,24.57483
751,跨区常规公交线路,杏林正新站点,118.0369758,24.56786015
752,跨区常规公交线路,杏林消防站点,118.0369758,24.56786015
753,跨区常规公交线路,杏林湾营运中心站点,118.0584608,24.598366
754,跨区常规公交线路,杏滨派出所站点,118.0283067,24.58767791
755,跨区常规公交线路,杏滨街道站点,118.0361507,24.56612896
756,轨道交通线路,杏锦路[地铁]站点,118.0432677,24.59127762
757,岛内常规公交线路,松柏中学站点,118.1139711,24.4926707
758,岛内常规公交线路,松柏公园站点,118.1190847,24.49367964
759,岛内常规公交线路,松柏汇成站点,118.1156444,24.49451344
760,岛内常规公交线路,松柏站点,118.1156444,24.49451344
761,跨区常规公交线路,松霖科技站点,117.9758021,24.51759818
762,岛内常规公交线路,枋湖东路穆厝站点,118.1513632,24.51108547
763,跨区常规公交线路,枋湖文旅中心站点,118.1340197,24.51378523
764,岛内常规公交线路,枋湖村站点,118.136984,24.51359267
765,岛内常规公交线路,枋湖蔡坑路口站点,118.1472749,24.51774911
766,岛内常规公交线路,枋湖西路站点,118.1368296,24.51453255
767,轨道交通线路,林前[地铁]站点,118.0535544,24.59640795
768,跨区常规公交线路,林前站点,118.2281107,24.57654837
769,岛内常规公交线路,林后北里站点,118.1331235,24.53310725
770,跨区常规公交线路,林后站点,118.0665894,24.75268932
771,岛内常规公交线路,果品交易市场站点,118.1133906,24.54406363
772,跨区常规公交线路,柯达站点,117.9844908,24.5233393
773,跨区常规公交线路,桐梓新村站点,118.2399861,24.67552466
774,跨区常规公交线路,桐梓站点,118.2421231,24.67834393
,,,,
,,,,
777,岛内常规公交线路,梅阳花园站点,118.127877,24.50752988
778,跨区常规公交线路,梧侣下边站点,118.2106181,24.65237976
779,跨区常规公交线路,梧侣公交场站站点,118.0675802,24.4667071
780,跨区常规公交线路,梧侣大社站点,118.1003724,24.57104453
781,跨区常规公交线路,梧侣站点,118.1177612,24.69340826
782,跨区常规公交线路,梧村公交场站站点,118.0675802,24.4667071
783,岛内常规公交线路,梧村小学站点,118.1075627,24.47021245
784,岛内常规公交线路,梧村小学＊站点,118.1075627,24.47021245
785,岛内常规公交线路,梧村车站(内道)站点,118.1110546,24.47333632
786,岛内常规公交线路,梧村车站(外道①)站点,118.1110546,24.47333632
787,差异化公交线路,梧村车站(外道②)站点,118.1112559,24.47329446
788,跨区常规公交线路,梧村车站站点,118.1110546,24.47333632
789,岛内常规公交线路,梧桐站点,118.1983957,24.70604889
790,跨区常规公交线路,梵天寺站点,118.1535639,24.74316442
791,岛内常规公交线路,植物园东门站点,118.0925407,24.45680267
792,差异化公交线路,植物园南门站点,118.1047651,24.45048835
793,岛内常规公交线路,植物园站点,118.0925407,24.45680267
794,差异化公交线路,椰风寨站点,118.1570026,24.44532297
795,岛内常规公交线路,槟榔新村站点,118.106946,24.48412637
796,岛内常规公交线路,槟榔路口站点,118.1076316,24.48650215
797,岛内常规公交线路,槟榔路站点,118.1076316,24.48650215
798,岛内常规公交线路,欣华花园站点,118.1038777,24.51326098
,,,,
800,跨区常规公交线路,正新实业站点,117.9664831,24.52132973
801,跨区常规公交线路,正顺花园站点,117.9908525,24.52662649
802,轨道交通线路,殿前[地铁]站点,118.1055583,24.5287857
803,岛内常规公交线路,殿前一组站点,118.1044071,24.5294602
804,跨区常规公交线路,殿前一路站点,118.1007006,24.5301888
805,岛内常规公交线路,殿前二组站点,118.1044071,24.5294602
806,岛内常规公交线路,殿前五组站点,118.1044071,24.5294602
807,岛内常规公交线路,殿前北站社区站点,118.1070035,24.533245
808,岛内常规公交线路,殿前四组站点,118.1044071,24.5294602
809,岛内常规公交线路,殿前村口站点,118.1063048,24.53270254
810,岛内常规公交线路,殿前社区医院站点,118.1181182,24.43768382
811,岛内常规公交线路,殿前站点,118.1044071,24.5294602
812,岛内常规公交线路,殿前街道站点,118.1007951,24.52506124
813,岛内常规公交线路,殿前铁路家园站点,118.106585,24.53384182
814,跨区常规公交线路,民安大道西炉站点,118.1785291,24.67493403
815,跨区常规公交线路,民安洪坑站点,118.2260728,24.68355123
816,岛内常规公交线路,民族路站点,118.0783771,24.44627455
817,跨区常规公交线路,水云湾小区站点,118.030204,24.46665697
818,岛内常规公交线路,水产交易市场站点,118.1139644,24.54382008
819,跨区常规公交线路,水岸名筑站点,118.0237333,24.46938243
820,跨区常规公交线路,永祥新城站点,118.0414245,24.62895803
821,跨区常规公交线路,汇景广场站点,118.240359,24.62252553
822,跨区常规公交线路,汇景新城中心站点,118.23888,24.62287424
823,跨区常规公交线路,江华里站点,118.1233854,24.49977025
824,轨道交通线路,江头[地铁]站点,118.1285831,24.49660327
825,岛内常规公交线路,江头后埔二路站点,118.1415521,24.49908594
826,岛内常规公交线路,江头市场站点,118.127974,24.49576435
827,跨区常规公交线路,江头花园站点,118.1236137,24.50152777
828,岛内常规公交线路,沙坡尾站点,118.0836009,24.44045155
829,差异化公交线路,沙坡尾艺术西区站点,118.0836009,24.44045155
830,跨区常规公交线路,沙美路口站点,118.3154781,24.60870242
831,漳州城际公交线路,沧林路口站点,118.0305342,24.49422158
832,跨区常规公交线路,沧江会展站点,118.0300234,24.49346277
833,定制公交线路,泗水道站点,118.1817249,24.53414065
834,跨区常规公交线路,泥山站点,118.1402955,24.70461265
835,跨区常规公交线路,泰和花园站点,118.1345872,24.49614464
836,跨区常规公交线路,泰地站点,118.0415507,24.48368789
,,,,
838,漳州城际公交线路,泰山路口站点,118.0724128,24.45557507
839,跨区常规公交线路,洋塘站点,118.2400501,24.57613526
840,跨区常规公交线路,洋宅站点,118.0123582,24.63384685
841,跨区常规公交线路,洪前社区站点,118.242303,24.59521974
842,岛内常规公交线路,洪厝埔站点,118.1351973,24.456603
843,跨区常规公交线路,洪厝站点,118.1608782,24.76944493
844,轨道交通线路,洪坑[地铁]站点,118.2260728,24.68355123
845,跨区常规公交线路,洪坑岩站点,118.2260728,24.68355123
846,跨区常规公交线路,洪塘中学站点,118.1971995,24.71545263
847,跨区常规公交线路,洪塘头站点,118.127679,24.61381459
848,跨区常规公交线路,洪塘派出所站点,118.1918677,24.71677202
849,岛内常规公交线路,洪山柄北区站点,118.1488612,24.48269389
,,,,
851,岛内常规公交线路,洪文七里站点,118.1536793,24.47568037
852,岛内常规公交线路,洪文中厦国际站点,118.1557518,24.48435256
853,岛内常规公交线路,洪文二路口站点,118.1481359,24.47613955
854,跨区常规公交线路,洪溪中路站点,118.2213866,24.6856985
855,跨区常规公交线路,洪溪南路站点,118.2201511,24.68358146
856,跨区常规公交线路,洪溪路口站点,118.2199065,24.68697715
857,岛内常规公交线路,洪莲中路口站点,118.155805,24.48340451
858,岛内常规公交线路,洪莲中路站点,118.155805,24.48340451
859,岛内常规公交线路,洪莲里站点,118.1563856,24.48021807
860,跨区常规公交线路,浒井西里站点,118.0924209,24.60718049
861,岛内常规公交线路,浦南站点,118.1215008,24.47739667
862,跨区常规公交线路,浦园一里站点,118.2267377,24.56790584
863,跨区常规公交线路,浦园三里站点,118.2245955,24.56213784
864,轨道交通线路,浦边[地铁]站点,118.0610267,24.62867524
865,岛内常规公交线路,浮屿站点,118.071277,24.46242341
,,,,
,,,,
868,跨区常规公交线路,海凤路站点,118.110313,24.59357105
869,岛内常规公交线路,海天码头站点,118.0802414,24.50722045
870,岛内常规公交线路,海天社区站点,118.0969805,24.50807715
871,岛内常规公交线路,海山东渡路口站点,118.0742896,24.48690274
872,岛内常规公交线路,海山东荣广场站点,118.0789869,24.48989472
873,岛内常规公交线路,海山路站点,118.0781671,24.48948619
874,跨区常规公交线路,海岸1号站点,118.0431764,24.4870519
875,岛内常规公交线路,海峡国际社区站点,118.1827823,24.47930009
876,跨区常规公交线路,海投东湖城站点,117.985419,24.52505472
877,跨区常规公交线路,海投站点,117.985419,24.52505472
878,跨区常规公交线路,海晟站点,118.0492803,24.49420565
879,跨区常规公交线路,海沧万科城站点,118.025626,24.5334964
880,跨区常规公交线路,海沧交警站点,118.0252374,24.48606113
881,跨区常规公交线路,海沧人才市场站点,118.0228178,24.47920357
882,跨区常规公交线路,海沧体育中心北门站点,118.0258946,24.4738184
883,跨区常规公交线路,海沧体育中心站点,118.0258946,24.4738184
884,跨区常规公交线路,海沧农场站点,117.9908129,24.49484741
885,跨区常规公交线路,海沧农客站站点,118.0252374,24.48606113
886,跨区常规公交线路,海沧区政府站点,118.0217292,24.4851925
887,跨区常规公交线路,海沧医院东门站点,118.0351151,24.49343516
888,漳州城际公交线路,海沧医院站点,118.0340704,24.49342568
889,轨道交通线路,海沧商务中心[地铁]站点,118.0332907,24.48460324
890,跨区常规公交线路,海沧天虹站点,118.0252374,24.48606113
891,跨区常规公交线路,海沧实验中学站点,118.0325004,24.49899635
892,轮渡线路,海沧嵩鼓码头站点,118.0411913,24.45707312
893,跨区常规公交线路,海沧建行站点,118.0235363,24.47530497
894,跨区常规公交线路,海沧房产站点,118.0252374,24.48606113
895,跨区常规公交线路,海沧教师进修学校站点,118.0303284,24.49844172
896,跨区常规公交线路,海沧枢纽站站点,117.9082195,24.55589582
897,轨道交通线路,海沧湾公园[地铁]站点,118.0488603,24.49007783
898,跨区常规公交线路,海沧湾站点,118.0252374,24.48606113
899,跨区常规公交线路,海沧税务站点,118.0252374,24.48606113
900,轨道交通线路,海沧行政中心[地铁]站点,118.0284813,24.4899952
901,跨区常规公交线路,海沧街道站点,117.9789822,24.4645079
902,漳州城际公交线路,海沧车场站点,118.0252374,24.48606113
903,岛内常规公交线路,海洋学院站点,118.2475993,24.59443872
904,跨区常规公交线路,海洋学院翔安校区南门站点,118.2458587,24.59469885
905,跨区常规公交线路,海洋学院翔安校区站点,118.2458587,24.59469885
906,跨区常规公交线路,海湾公园站点,118.0735478,24.47539053
907,岛内常规公交线路,海滨大厦站点,118.070476,24.45545994
908,漳州城际公交线路,海滨学校站点,118.0990832,24.43498516
909,跨区常规公交线路,海滨小学站点,118.1220118,24.50373924
910,岛内常规公交线路,海燕新村站点,118.1007979,24.47261471
911,跨区常规公交线路,海燕正新站点,117.9746938,24.52182989
,,,,
913,跨区常规公交线路,海裕路站点,118.0345169,24.50014458
914,漳州城际公交线路,海西国际站点,118.1150663,24.48358125
915,差异化公交线路,海韵台站点,118.1483811,24.4391902
916,跨区常规公交线路,涌泉站点,117.9924691,24.62255641
917,跨区常规公交线路,深青公交场站站点,118.0675802,24.4667071
918,跨区常规公交线路,深青公园站点,117.9605119,24.58682736
919,跨区常规公交线路,深青站点,117.9688274,24.58880938
920,岛内常规公交线路,渔港东路站点,118.1022487,24.54753017
921,跨区常规公交线路,港头站点,118.0740415,24.62841931
922,岛内常规公交线路,湖东社区站点,118.1068526,24.47384464
923,岛内常规公交线路,湖东站点,118.1074552,24.47530424
924,岛内常规公交线路,湖中汇文路口站点,118.1107623,24.47301305
925,跨区常规公交线路,湖光路口站点,118.110242,24.48174811
926,岛内常规公交线路,湖光路站点,118.110242,24.48174811
927,跨区常规公交线路,湖厝站点,118.2257455,24.69696659
928,跨区常规公交线路,湖头站点,117.9393366,24.53159858
929,岛内常规公交线路,湖明丽景站点,118.1105083,24.48250342
930,岛内常规公交线路,湖明站点,118.1115495,24.4838234
931,轨道交通线路,湖滨东路[地铁]站点,118.1165209,24.47799967
932,岛内常规公交线路,湖滨中学站点,118.1011669,24.47697256
933,轨道交通线路,湖滨中路[地铁]站点,118.0927442,24.47897551
934,岛内常规公交线路,湖滨中路站点,118.0888642,24.4883274
935,岛内常规公交线路,湖滨四里站点,118.104588,24.47773409
936,岛内常规公交线路,湖滨社区站点,118.0955243,24.47069425
937,岛内常规公交线路,湖滨西路站点,118.0730587,24.4804608
938,岛内常规公交线路,湖边下湖站点,118.1637183,24.50294819
939,岛内常规公交线路,湖边公园站点,118.1498648,24.49305526
940,岛内常规公交线路,湖边站点,118.1637744,24.50408145
941,岛内常规公交线路,湖边花园A区站点,118.1709022,24.50585314
942,岛内常规公交线路,湖边花园B区站点,118.1705332,24.50677257
943,跨区常规公交线路,湖里万达广场北站点,118.1729231,24.50754816
944,定制公交线路,湖里万达广场站点,118.1729231,24.50754816
945,岛内常规公交线路,湖里中学站点,118.0938278,24.50605958
946,岛内常规公交线路,湖里中心小学站点,118.0983276,24.50565509
947,轨道交通线路,湖里公园[地铁]站点,118.1014179,24.50713918
948,岛内常规公交线路,湖里公园东门站点,118.1025349,24.50762866
949,岛内常规公交线路,湖里公园站点,118.1014179,24.50713918
950,跨区常规公交线路,湖里公安分局站点,118.140394,24.52018988
951,轨道交通线路,湖里创新园[地铁]站点,118.1536441,24.53418037
952,岛内常规公交线路,湖里创新园南门站点,118.1502381,24.5292987
953,定制公交线路,湖里创新园站点,118.1536441,24.53418037
954,岛内常规公交线路,湖里区政府站点,118.1418636,24.51559869
955,岛内常规公交线路,湖里妇幼站点,118.093389,24.51426866
956,岛内常规公交线路,湖里市场站点,118.0915836,24.50861097
957,岛内常规公交线路,湖里派出所站点,118.0926831,24.50883195
958,岛内常规公交线路,湖里竹坑站点,118.093389,24.51426866
959,岛内常规公交线路,湖里老年活动中心站点,118.1342061,24.51355048
960,轨道交通线路,湿地公园[地铁]站点,118.1700742,24.51765013
961,漳州城际公交线路,溪东果蔬市场站点,118.2559511,24.61241039
962,漳州城际公交线路,溪东桥头站点,118.1556255,24.8199542
963,岛内常规公交线路,溪头下公交场站站点,118.0675802,24.4667071
964,差异化公交线路,溪头下站点,118.1363215,24.43055357
965,岛内常规公交线路,滨北东渡站点,118.0791977,24.49090674
966,跨区常规公交线路,滨北中行站点,118.128968,24.49522758
967,岛内常规公交线路,滨北小学站点,118.0868491,24.48358714
968,跨区常规公交线路,滨南中山医院站点,118.0928146,24.47379365
969,岛内常规公交线路,滨南公交综合楼站点,118.0988502,24.47438245
970,跨区常规公交线路,滨南美湖路口站点,118.0843259,24.46932963
971,定制公交线路,滨水小区站点,118.0858028,24.59645719
972,跨区常规公交线路,滨洲七里站点,118.2701289,24.70549551
973,差异化公交线路,滨海街道站点,118.1188949,24.43063115
974,跨区常规公交线路,滨海西卿朴站点,118.0444846,24.49313107
975,跨区常规公交线路,滨海西瑶头站点,118.0444846,24.49313107
976,跨区常规公交线路,滨湖北路站点,118.0292904,24.48991311
977,空港快线,漳州万达嘉华酒店站点,118.1043848,24.57506539
,,,,
,,,,
,,,,
,,,,
,,,,
,,,,
984,空港快线,漳州融信皇冠酒店站点,118.1431719,24.73350288
985,差异化公交线路,潘宅站点,118.1624544,24.47127789
986,跨区常规公交线路,潘涂站点,118.1360044,24.64657199
987,岛内常规公交线路,濠头站点,118.0823397,24.4990872
988,跨区常规公交线路,灌南工业区站点,117.9830754,24.58528512
989,跨区常规公交线路,灌口中学站点,117.9968367,24.60734361
990,跨区常规公交线路,灌口站点,117.9866874,24.61031152
991,跨区常规公交线路,灌口西路口站点,117.9866874,24.61031152
992,跨区常规公交线路,灌口西路站点,117.9643437,24.60196818
993,跨区常规公交线路,灌口邮局站点,117.9917402,24.60849616
994,跨区常规公交线路,火炬三路口站点,118.1180696,24.51494856
995,岛内常规公交线路,火炬东路站点,118.1263513,24.51927945
996,跨区常规公交线路,火炬二期站点,118.212051,24.67537225
997,跨区常规公交线路,火炬公寓站点,118.116598,24.51987076
998,跨区常规公交线路,火炬北路站点,118.1152427,24.52395401
999,轨道交通线路,火炬园[地铁]站点,118.1184218,24.5196075
1000,跨区常规公交线路,火炬塔埔光电园站点,118.1227902,24.51680886
1001,跨区常规公交线路,火炬外口公寓站点,118.0898621,24.50697193
1002,岛内常规公交线路,火炬新科广场站点,118.1227902,24.51680886
1003,跨区常规公交线路,火炬洪塘工业园站点,118.1912443,24.71726596
1004,空港快线,火车站(东南亚酒店)站点,118.1098142,24.47182618
1005,岛内常规公交线路,火车站(湖东)站点,118.1112251,24.47020891
1006,岛内常规公交线路,火车站南广场站点,118.11189,24.46948229
1007,岛内常规公交线路,火车站站点,118.1112251,24.47020891
,,,,
,,,,
,,,,
1011,跨区常规公交线路,烧灰站点,118.1375416,24.71726572
1012,岛内常规公交线路,特区纪念馆站点,118.0916144,24.51168037
1013,跨区常规公交线路,特房银溪墅府站点,118.187283,24.66334684
1014,岛内常规公交线路,环岛东路站点,118.1916585,24.48665761
1015,岛内常规公交线路,珍珠湾站点,118.120708,24.42862664
,,,,
1017,跨区常规公交线路,珩山一里站点,118.0746206,24.63833099
1018,跨区常规公交线路,理工学院东区站点,118.0884351,24.62693759
1019,岛内常规公交线路,理工学院思明校区站点,118.085666,24.44142396
1020,跨区常规公交线路,理工学院西门站点,118.0835465,24.62694415
1021,跨区常规公交线路,理工学院集美校区站点,118.0827505,24.62677351
1022,岛内常规公交线路,瑞景商业广场站点,118.1544259,24.47824815
1023,跨区常规公交线路,生物医药园站点,117.9520477,24.52708968
1024,跨区常规公交线路,田厝堀站点,117.9920476,24.49219127
1025,跨区常规公交线路,田厝站点,118.0619296,24.630478
1026,岛内常规公交线路,田里站点,118.1633207,24.51171063
1027,岛内常规公交线路,电化宿舍站点,118.105505,24.46234091
1028,跨区常规公交线路,白泉市场站点,118.0380347,24.56720564
1029,跨区常规公交线路,白礁站点,118.1405646,24.74039915
1030,岛内常规公交线路,白鹭洲公园站点,118.088828,24.47650252
1031,岛内常规公交线路,白鹭洲站点,118.0901633,24.47754647
1032,岛内常规公交线路,白鹿路站点,118.0844591,24.45141334
1033,跨区常规公交线路,百果山站点,118.1279525,24.50285434
1034,岛内常规公交线路,眼科中心五缘院区站点,118.0758867,24.46258038
1035,岛内常规公交线路,眼科医院站点,118.0758867,24.46258038
1036,跨区常规公交线路,石亭路口站点,118.0877965,24.48090846
1037,跨区常规公交线路,石囷路站点,117.9834317,24.48173864
,,,,
1039,跨区常规公交线路,石塘2站点,118.0344212,24.4986736
1040,跨区常规公交线路,石塘站点,118.0344212,24.4986736
1041,跨区常规公交线路,石头皮山站点,118.1111299,24.51328433
1042,跨区常规公交线路,石室禅院站点,118.0174329,24.51812815
1043,岛内常规公交线路,石村(侨福城)站点,118.1607043,24.48050314
1044,岛内常规公交线路,石村站点,118.1623793,24.48430589
1045,岛内常规公交线路,石泉干休所站点,118.0839621,24.45144954
1046,跨区常规公交线路,石浔南路口站点,118.177453,24.68161591
1047,岛内常规公交线路,石湖山物流园站点,118.0888251,24.53085507
1048,定制公交线路,石笔路口站点,117.9938318,24.61433701
1049,漳州城际公交线路,石门小学站点,118.1327857,24.75797698
1050,漳州城际公交线路,石门社站点,118.1327857,24.75797698
1051,跨区常规公交线路,石鼓路站点,118.094826,24.57962707
1052,跨区常规公交线路,碗头崎站点,118.0525206,24.62845492
1053,跨区常规公交线路,碗瑶站点,118.0426363,24.66864555
1054,跨区常规公交线路,磁窑站点,118.1093323,24.61522531
,,,,
1056,岛内常规公交线路,神山社区站点,118.1067987,24.52790128
1057,跨区常规公交线路,祥丰建材城站点,118.1291316,24.50521022
,,,,
1059,跨区常规公交线路,祥店站点,118.1439042,24.50242732
1060,岛内常规公交线路,祥店邮局站点,118.1385892,24.50383986
1061,跨区常规公交线路,祥桥站点,118.1324074,24.72370372
1062,跨区常规公交线路,祥桥路站点,118.1359181,24.73167843
,,,,
1064,跨区常规公交线路,福泽园站点,118.1126841,24.62181997
1065,跨区常规公交线路,福泽路口站点,118.1176464,24.61989433
1066,跨区常规公交线路,禹洲大学城站点,118.1230398,24.62460821
1067,岛内常规公交线路,禹洲新村站点,118.1123269,24.50650934
1068,跨区常规公交线路,禹洲花园站点,118.1390755,24.48555992
1069,岛内常规公交线路,禾山岭下社区站点,118.1640952,24.50380202
1070,岛内常规公交线路,禾山派出所站点,118.1471363,24.52148733
1071,跨区常规公交线路,禾山街道站点,118.146689,24.52505299
1072,跨区常规公交线路,禾山路站点,118.1284343,24.50468523
1073,岛内常规公交线路,禾盛社区站点,118.1444354,24.51667611
1074,岛内常规公交线路,禾缘社区站点,118.16268,24.54137089
1075,差异化公交线路,科技中学站点,118.1149708,24.43276786
1076,跨区常规公交线路,科技中学翔安校区站点,118.3023956,24.60692625
1077,岛内常规公交线路,穆厝公园站点,118.0806685,24.46334132
1078,岛内常规公交线路,穆厝村口站点,118.1543494,24.51087184
1079,跨区常规公交线路,穆厝站点,118.1513632,24.51108547
1080,定制公交线路,穆厝里站点,118.1564803,24.51575838
1081,岛内常规公交线路,空港新元宿站点,118.1237758,24.53128873
1082,跨区常规公交线路,窗东站点,118.2178847,24.62754242
,,,,
1084,跨区常规公交线路,第一医院同民分院站点,118.2435519,24.66247228
1085,跨区常规公交线路,第一医院杏林分院站点,118.0429762,24.56378838
1086,岛内常规公交线路,第一医院站点,118.0429762,24.56378838
1087,轮渡线路,第一码头(轮渡)站点,118.0673316,24.46470703
1088,岛内常规公交线路,第一码头站点,118.0682364,24.45700762
1089,跨区常规公交线路,第三医院站点,118.1422787,24.70853072
1090,跨区常规公交线路,第二医院总站站点,118.0993875,24.58756634
1091,跨区常规公交线路,第二医院西门站点,118.0993875,24.58756634
1092,岛内常规公交线路,第二福利院站点,118.151612,24.50731641
1093,岛内常规公交线路,筼筜官任站点,118.0544884,24.59240013
1094,岛内常规公交线路,筼筜街道站点,118.1112878,24.48942107
1095,岛内常规公交线路,紫金矿业站点,118.1268884,24.53218065
1096,岛内常规公交线路,红星美凯龙总站站点,118.1607135,24.53553859
1097,跨区常规公交线路,红林路站点,118.1156313,24.5926763
1098,岛内常规公交线路,绥德路口站点,118.1794219,24.51076164
1099,岛内常规公交线路,绿家园小区站点,118.1092722,24.47674063
1100,跨区常规公交线路,缉仔亭站点,118.2166374,24.74725998
1101,岛内常规公交线路,美仁宫站点,118.0863763,24.46606735
1102,跨区常规公交线路,美安站点,118.191518,24.74386183
1103,跨区常规公交线路,美峰站点,118.1334204,24.61293647
,,,,
1105,跨区常规公交线路,美溪路站点,118.1542768,24.6574389
1106,跨区常规公交线路,美禾三路1站点,118.1219034,24.65867126
1107,跨区常规公交线路,美禾三路2站点,118.1219034,24.65867126
1108,轨道交通线路,翁角路[地铁]站点,117.9931104,24.52181006
1109,跨区常规公交线路,翔安一中站点,118.238969,24.66741357
1110,跨区常规公交线路,翔安人力资源站点,118.235101,24.61199375
1111,跨区常规公交线路,翔安人才市场站点,118.2381301,24.6427724
1112,跨区常规公交线路,翔安体育场站点,118.2337487,24.62766566
1113,跨区常规公交线路,翔安公路分局站点,118.255083,24.65749744
1114,轨道交通线路,翔安市民公园[地铁]站点,118.2488095,24.58160783
1115,跨区常规公交线路,翔安文化中心站点,118.2432231,24.62884004
1116,跨区常规公交线路,翔安文教园站点,118.2442785,24.6018862
1117,跨区常规公交线路,翔安新城CBD站点,118.2382728,24.57739995
1118,跨区常规公交线路,翔安新城公交场站站点,118.2382728,24.57739995
1119,跨区常规公交线路,翔安火炬实验学校站点,118.1803112,24.67874321
1120,跨区常规公交线路,翔安肖厝站点,118.2255364,24.56660689
1121,跨区常规公交线路,翔安金海小学站点,118.2384898,24.57919612
1122,岛内常规公交线路,翔鹭花城站点,118.1003716,24.52720736
1123,岛内常规公交线路,翰林苑西门站点,118.1486643,24.51706745
1124,空港快线,老院子景区站点,118.0715229,24.62759859
1125,跨区常规公交线路,老院子景区西站点,118.0715229,24.62759859
1126,跨区常规公交线路,联检大楼站点,118.0863032,24.50907802
1127,跨区常规公交线路,联通大厦站点,118.1404814,24.53061625
1128,跨区常规公交线路,育成中心站点,118.2371761,24.64716817
1129,跨区常规公交线路,育才小学站点,118.0401394,24.49879229
1130,轨道交通线路,育秀东路[地铁]站点,118.1165209,24.47799967
1131,岛内常规公交线路,胡里山公交场站站点,118.0675802,24.4667071
1132,差异化公交线路,胡里山站点,118.1013262,24.4323793
1133,岛内常规公交线路,自贸区象屿园区站点,118.0868699,24.5147336
1134,跨区常规公交线路,舜弘现代城站点,118.1347194,24.69231146
1135,跨区常规公交线路,航天路口站点,117.9812269,24.59346608
1136,跨区常规公交线路,芦坑站点,118.0142166,24.48773812
1137,岛内常规公交线路,花屿路口站点,118.1492035,24.54621066
1138,跨区常规公交线路,苏厝路口站点,118.1842022,24.71309403
,,,,
1140,跨区常规公交线路,英埭头站点,118.0799185,24.61703074
1141,岛内常规公交线路,茂后站点,118.1521563,24.45111024
1142,跨区常规公交线路,茂林社区站点,118.2456719,24.61956486
1143,跨区常规公交线路,荣坪新村站点,118.0244106,24.56665277
1144,岛内常规公交线路,莲兴里站点,118.1143921,24.48666614
1145,岛内常规公交线路,莲前小学站点,118.1523707,24.48199003
1146,岛内常规公交线路,莲前社区医院站点,118.1627159,24.47288466
1147,跨区常规公交线路,莲前站点,118.1501957,24.47738539
1148,轨道交通线路,莲坂[地铁]站点,118.1132121,24.47864487
1149,岛内常规公交线路,莲坂北站点,118.1158896,24.48188472
1150,岛内常规公交线路,莲坂国贸站点,118.1140111,24.47992275
1151,跨区常规公交线路,莲坂外图书城站点,118.1133682,24.47947214
1152,跨区常规公交线路,莲山头站点,118.1834622,24.50364098
1153,岛内常规公交线路,莲景二里站点,118.1138118,24.48031964
1154,岛内常规公交线路,莲花三村站点,118.1302726,24.49387215
1155,岛内常规公交线路,莲花中学站点,118.124369,24.48766461
1156,岛内常规公交线路,莲花二村2站点,118.12778,24.49052632
1157,岛内常规公交线路,莲花二村站点,118.12778,24.49052632
1158,岛内常规公交线路,莲花五村站点,118.1308531,24.48938927
1159,岛内常规公交线路,莲花南路站点,118.120754,24.48490506
1160,跨区常规公交线路,莲花新城站点,118.0537496,24.60461899
1161,轨道交通线路,莲花路口[地铁]站点,118.1165209,24.47799967
1162,岛内常规公交线路,莲花路口东站点,118.1186096,24.4841927
1163,跨区常规公交线路,董水站点,118.275663,24.60499705
,,,,
1165,漳州城际公交线路,蒙发利站点,118.1763743,24.46993282
1166,跨区常规公交线路,蓝月湾站点,118.0287836,24.46250787
1167,跨区常规公交线路,蓝湾半岛站点,118.0493353,24.49271132
,,,,
,,,,
1170,跨区常规公交线路,蔡厝口站点,118.2670323,24.66731922
,,,,
1172,轨道交通线路,蔡塘[地铁]站点,118.1165209,24.47799967
1173,岛内常规公交线路,蔡塘学校站点,118.1529527,24.48679284
1174,差异化公交线路,蔡塘广场2站点,118.1515723,24.48819457
1175,岛内常规公交线路,蔡塘广场站点,118.1515723,24.48819457
1176,跨区常规公交线路,蔡店站点,118.1382593,24.63128628
1177,跨区常规公交线路,蔡浦站点,118.2238102,24.62451357
1178,岛内常规公交线路,蔬菜交易市场站点,118.1131802,24.54630368
1179,岛内常规公交线路,薛岭山公园站点,118.1387531,24.50938487
1180,岛内常规公交线路,薛岭新村站点,118.1348599,24.50739363
1181,跨区常规公交线路,薛岭站点,118.1348599,24.50739363
1182,岛内常规公交线路,虎仔山西路站点,118.1669518,24.4974295
1183,岛内常规公交线路,虎园路站点,118.0874801,24.45669136
,,,,
1185,跨区常规公交线路,西井站点,118.0220275,24.63793347
1186,跨区常规公交线路,西亭站点,118.243131,24.64400925
1187,跨区常规公交线路,西园路南站点,117.974626,24.52135203
1188,跨区常规公交线路,西园路口站点,117.974626,24.52135203
1189,岛内常规公交线路,西堤东路站点,118.0719854,24.47888954
1190,岛内常规公交线路,西堤南路站点,118.0712155,24.46949971
,,,,
1192,跨区常规公交线路,西山站点,117.9161071,24.5700927
1193,跨区常规公交线路,西岩跨线桥站点,118.2354953,24.59733726
1194,岛内常规公交线路,西林东路站点,118.1445837,24.47427613
1195,岛内常规公交线路,西林云顶站点,118.1376809,24.48016388
1196,岛内常规公交线路,西林站点,118.1376809,24.48016388
1197,跨区常规公交线路,西柯何厝站点,118.156319,24.66983654
1198,跨区常规公交线路,西柯吕厝站点,118.156319,24.66983654
1199,跨区常规公交线路,西柯枢纽站站点,118.155656,24.64604341
1200,跨区常规公交线路,西柯浦头站点,118.156319,24.66983654
1201,跨区常规公交线路,西柯路口站点,118.1318753,24.66743788
1202,跨区常规公交线路,西柯镇政府站点,118.158285,24.66740621
,,,,
1204,跨区常规公交线路,西洲路口站点,118.1603918,24.6597192
1205,跨区常规公交线路,西洲路站点,118.1603918,24.6597192
1206,岛内常规公交线路,西浦路口站点,118.1194639,24.49966091
1207,跨区常规公交线路,西湖村站点,118.1443371,24.69889254
1208,跨区常规公交线路,西溪花园站点,118.1413754,24.72653633
1209,跨区常规公交线路,西滨公交场站站点,118.0675802,24.4667071
1210,跨区常规公交线路,西滨站点,118.0221669,24.55722109
1211,跨区常规公交线路,西滨路口站点,118.0311556,24.55271602
1212,跨区常规公交线路,西福路站点,118.1490152,24.66948036
1213,岛内常规公交线路,西边社站点,118.1079195,24.43553214
1214,岛内常规公交线路,观日路口站点,118.1744663,24.4885283
1215,漳州城际公交线路,观音宫站点,118.2470271,24.66599921
1216,轨道交通线路,观音山[地铁]站点,118.1165209,24.47799967
1217,岛内常规公交线路,观音山商业街站点,118.1925057,24.49678854
1218,岛内常规公交线路,观音山商务区站点,118.1905693,24.49679933
1219,岛内常规公交线路,观音山广场站点,118.1882886,24.48953837
1220,岛内常规公交线路,观音山梦幻世界站点,118.3016944,24.80783447
1221,定制公交线路,观音山营运中心站点,118.1899721,24.494615
1222,岛内常规公交线路,观音山音乐学校站点,118.188552,24.49240326
,,,,
1224,岛内常规公交线路,角滨路口站点,118.0770043,24.46374175
1225,漳州城际公交线路,角美农贸市场站点,117.9771212,24.46558952
,,,,
1227,跨区常规公交线路,角美奥特莱斯站点,117.9108104,24.53644948
1228,跨区常规公交线路,角美客运站站点,117.9108104,24.53644948
1229,漳州城际公交线路,角美政务服务中心站点,118.0778776,24.45557265
1230,漳州城际公交线路,角美火车站站点,117.9108104,24.53644948
1231,漳州城际公交线路,角美第二中心小学(社头)站点,118.1376117,24.64755347
1232,跨区常规公交线路,角美镇区站点,117.9108104,24.53644948
1233,岛内常规公交线路,警备区站点,118.086486,24.45659061
1234,跨区常规公交线路,许厝站点,118.2997877,24.64710165
1235,跨区常规公交线路,许厝路口站点,118.0084224,24.53113089
1236,定制公交线路,诚毅学院站点,118.0904061,24.59278496
1237,轨道交通线路,诚毅广场[地铁]站点,118.0497186,24.60534133
1238,岛内常规公交线路,谊爱路站点,118.1401176,24.48848604
1239,岛内常规公交线路,象屿五金机电城站点,118.0962145,24.54234109
1240,岛内常规公交线路,象屿保税区(内道)站点,118.0896621,24.51993164
1241,跨区常规公交线路,象屿保税区站点,118.083,24.50918529
1242,岛内常规公交线路,象屿机电展示中心站点,118.0969631,24.54054401
1243,岛内常规公交线路,象屿物流中心站点,118.0930453,24.53587721
1244,岛内常规公交线路,象屿花园站点,118.0926013,24.5185052
1245,跨区常规公交线路,贞庵站点,118.0363293,24.4542707
1246,跨区常规公交线路,财经学院站点,118.095778,24.57397277
1247,岛内常规公交线路,赤坡山站点,118.1706766,24.49192371
1248,跨区常规公交线路,赵厝村站点,118.205283,24.65780893
1249,跨区常规公交线路,路边许站点,118.2463947,24.65412632
1250,跨区常规公交线路,轮机工程学院站点,118.0965509,24.58171539
1251,空港快线,轮渡(空港快线站)站点,118.1442919,24.54706827
1252,差异化公交线路,轮渡公交场站站点,118.0675802,24.4667071
1253,定制公交线路,轮渡站点,118.0803305,24.46310847
1254,岛内常规公交线路,轮渡邮局站点,118.068651,24.45842542
1255,差异化公交线路,软件园一期站点,118.1109813,24.43510612
1256,跨区常规公交线路,软件园三期站点,118.0470277,24.61024675
1257,跨区常规公交线路,软件园三期起步区站点,118.0470277,24.61024675
1258,跨区常规公交线路,软件园三期龙亭站点,118.0470277,24.61024675
1259,跨区常规公交线路,软件园东二门站点,118.1727615,24.49541815
1260,定制公交线路,软件园东门站点,118.1727615,24.49541815
1261,轨道交通线路,软件园二期[地铁]站点,118.1727615,24.49541815
1262,岛内常规公交线路,软件园北一区站点,118.1727615,24.49541815
1263,岛内常规公交线路,软件园北三区站点,118.1727615,24.49541815
1264,岛内常规公交线路,软件园北二区站点,118.1727615,24.49541815
1265,岛内常规公交线路,软件园北五区站点,118.1727615,24.49541815
1266,岛内常规公交线路,软件园北六区站点,118.1727615,24.49541815
1267,岛内常规公交线路,软件园北四区站点,118.1727615,24.49541815
1268,岛内常规公交线路,软件园南三区站点,118.1727615,24.49541815
1269,岛内常规公交线路,软件园南二区站点,118.1727615,24.49541815
1270,岛内常规公交线路,软件园南门站点,118.0929391,24.82760133
1271,岛内常规公交线路,软件园站点,118.1773235,24.48660931
1272,差异化公交线路,软件园西门站点,118.1727615,24.49541815
1273,跨区常规公交线路,软件学院站点,118.1079328,24.43291861
1274,跨区常规公交线路,轻工园外口公寓站点,118.1307817,24.65986041
1275,跨区常规公交线路,轻工食品园公交场站站点,118.1117852,24.65901568
1276,跨区常规公交线路,轻工食品园站点,118.1117852,24.65901568
1277,跨区常规公交线路,达运宿舍站点,118.215522,24.67073218
1278,跨区常规公交线路,过坂村口站点,117.9344554,24.56484529
1279,跨区常规公交线路,过坂站点,117.9344554,24.56484529
1280,跨区常规公交线路,通福路站点,118.1536105,24.66728061
1281,轨道交通线路,邮轮中心[地铁]站点,118.0721807,24.48761474
1282,轮渡线路,邮轮中心厦鼓码头站点,118.0699682,24.48435942
1283,空港快线,邮轮中心码头(空港快线站)站点,118.0704068,24.48587421
1284,差异化公交线路,邮轮中心码头站点,118.0704068,24.48587421
1285,差异化公交线路,邮轮中心站点,118.0704068,24.48587421
1286,差异化公交线路,邮轮母港公交场站站点,118.0260916,24.49530826
1287,跨区常规公交线路,邻里中心站点,118.1975076,24.66674159
1288,跨区常规公交线路,郑坂路口站点,118.2308991,24.64109452
1289,跨区常规公交线路,郭山路口站点,118.2303896,24.72615317
1290,跨区常规公交线路,酱文化园站点,118.1367567,24.65023916
1291,岛内常规公交线路,金丰里站点,118.1428995,24.49356236
1292,跨区常规公交线路,金安大厦站点,118.1441041,24.73266749
1293,岛内常规公交线路,金尚中学站点,118.1465128,24.49382551
1294,岛内常规公交线路,金尚公交场站站点,118.0675802,24.4667071
1295,岛内常规公交线路,金尚小区站点,118.1456446,24.49610136
1296,跨区常规公交线路,金山小区站点,118.1524121,24.50535558
1297,跨区常规公交线路,金山小学站点,118.2446005,24.64724634
1298,跨区常规公交线路,金山洪塘站点,118.1484129,24.49950264
1299,差异化公交线路,金山站点,118.1484129,24.49950264
1300,岛内常规公交线路,金山花园站点,118.1508765,24.50331754
1301,岛内常规公交线路,金枋世家站点,118.1333842,24.51692971
1302,定制公交线路,金林云玺站点,118.1808865,24.51030025
1303,跨区常规公交线路,金林田中央站点,118.1764592,24.51754506
1304,跨区常规公交线路,金林路口站点,118.1747246,24.50755053
1305,岛内常规公交线路,金枫园站点,118.1172703,24.47294454
1306,差异化公交线路,金榜公园站点,118.1052774,24.46756472
1307,差异化公交线路,金榜山庄站点,118.1100979,24.46668449
1308,岛内常规公交线路,金海社区站点,118.1831126,24.52830349
1309,跨区常规公交线路,金湖一里站点,118.1344028,24.51034035
1310,岛内常规公交线路,金湖路站点,118.153821,24.51358723
1311,岛内常规公交线路,金福缘幼儿园站点,118.158166,24.53663895
1312,跨区常规公交线路,金龙空调站点,118.105232,24.51445379
1313,轨道交通线路,钟宅[地铁]站点,118.1332455,24.4949475
1314,岛内常规公交线路,钟宅五里站点,118.1615695,24.52258771
1315,跨区常规公交线路,钟宅村口站点,118.1618427,24.53033713
1316,跨区常规公交线路,钟宅站点,118.1626679,24.52740734
1317,岛内常规公交线路,钟宅红星美凯龙站点,118.160516,24.53505016
1318,跨区常规公交线路,钟宅西三里站点,118.1589401,24.52113461
1319,岛内常规公交线路,钟岭路口站点,118.1569773,24.53307536
1320,跨区常规公交线路,钢宇站点,117.9121611,24.54868486
1321,跨区常规公交线路,铁山二里站点,117.9957916,24.59415218
1322,跨区常规公交线路,铁路货场站点,117.9940947,24.46350334
1323,跨区常规公交线路,银亭社区站点,118.0952034,24.57763396
1324,定制公交线路,银城智谷站点,118.1683958,24.66166626
,,,,
,,,,
1327,跨区常规公交线路,银鹭重工站点,118.2208598,24.7442512
1328,跨区常规公交线路,铺前站点,118.1559023,24.73398829
1329,跨区常规公交线路,锦园东路口站点,118.0331096,24.58954688
1330,跨区常规公交线路,锦园东路站点,118.0331096,24.58954688
1331,跨区常规公交线路,锦园中医院站点,118.0236794,24.58111778
1332,跨区常规公交线路,锦园站点,118.0223529,24.59200304
1333,跨区常规公交线路,锦园西路站点,118.0188765,24.59728796
,,,,
,,,,
1336,跨区常规公交线路,锦里村口站点,117.989994,24.46917079
1337,跨区常规公交线路,锦里站点,117.989994,24.46917079
1338,轨道交通线路,镇海路[地铁]站点,118.0790084,24.45378957
1339,岛内常规公交线路,镇海路口站点,118.0808311,24.45463365
1340,岛内常规公交线路,长乐村站点,118.0980351,24.52355332
1341,岛内常规公交线路,长乐路口站点,118.097884,24.52305023
1342,跨区常规公交线路,长塑实业站点,117.9587802,24.52566033
1343,跨区常规公交线路,长庚医院门诊楼站点,118.0048609,24.53658413
1344,岛内常规公交线路,长歌路口站点,118.0935303,24.525171
1345,岛内常规公交线路,长治路口站点,118.0942547,24.52402489
,,,,
1347,岛内常规公交线路,长浩路口站点,118.0984801,24.52729286
1348,岛内常规公交线路,长虹路口站点,118.0962459,24.52435211
1349,岛内常规公交线路,长虹路站点,118.0962459,24.52435211
1350,岛内常规公交线路,长青路口(内道)站点,118.1172119,24.4924986
1351,岛内常规公交线路,长青路口站点,118.1172119,24.4924986
1352,岛内常规公交线路,长青路站点,118.1172119,24.4924986
1353,跨区常规公交线路,长鸿科技站点,118.0105552,24.47824029
1354,跨区常规公交线路,闽南大厦站点,118.080464,24.46954653
1355,跨区常规公交线路,闽南大戏院站点,118.1831335,24.47463395
1356,跨区常规公交线路,阳光小镇站点,118.1334204,24.61293647
1357,跨区常规公交线路,阳光照明站点,118.1475026,24.530304
1358,岛内常规公交线路,阳台山站点,118.0970839,24.46184691
1359,跨区常规公交线路,阳翟站点,118.1477644,24.70967098
1360,跨区常规公交线路,阳翟路口站点,118.1491211,24.70236167
1361,岛内常规公交线路,阳鸿新城站点,118.0962142,24.46353708
1362,漳州城际公交线路,阿罗海城市广场站点,118.0278124,24.48258279
1363,跨区常规公交线路,陆丰站点,118.1460661,24.72660718
1364,跨区常规公交线路,陈前路站点,118.2015997,24.74242764
1365,跨区常规公交线路,陈钦辽站点,118.1940978,24.74369206
1366,跨区常规公交线路,集美中学高中部站点,118.1094426,24.59883971
1367,跨区常规公交线路,集美交警站点,118.0909689,24.59836919
1368,跨区常规公交线路,集美区政府(集源路)站点,118.0923889,24.57864496
1369,跨区常规公交线路,集美区政府站点,118.0923889,24.57864496
1370,跨区常规公交线路,集美大学音乐学院站点,118.0963486,24.58463455
1371,轨道交通线路,集美大道[地铁]站点,118.0663699,24.60961865
1372,跨区常规公交线路,集美学村2站点,118.0927702,24.57677482
1373,轨道交通线路,集美学村[地铁]站点,118.0927702,24.57677482
1374,跨区常规公交线路,集美学村站点,118.0927702,24.57677482
1375,跨区常规公交线路,集美工业学校站点,118.049519,24.57570905
1376,跨区常规公交线路,集美市民公园站点,118.0541454,24.59956708
1377,跨区常规公交线路,集美市民广场站点,118.056826,24.59576244
1378,跨区常规公交线路,集美法治文化苑站点,118.0909689,24.59836919
1379,轨道交通线路,集美软件园[地铁]站点,118.0421383,24.61315103
1380,跨区常规公交线路,雍厝公寓站点,117.9839254,24.48018191
1381,跨区常规公交线路,霞梧站点,118.1006298,24.59638218
1382,跨区常规公交线路,霞梧路口站点,118.1005818,24.59631917
1383,差异化公交线路,霞溪路站点,118.0768737,24.45857091
1384,跨区常规公交线路,霞阳南路口站点,118.0167904,24.53492994
1385,跨区常规公交线路,霞阳村站点,118.0158089,24.53597385
1386,跨区常规公交线路,霞阳站点,118.0158089,24.53597385
1387,跨区常规公交线路,青泉路口站点,118.2191409,24.67994262
1388,跨区常规公交线路,青翔花园站点,118.0952026,24.50546357
,,,,
1390,岛内常规公交线路,顶何站点,118.1859814,24.48689296
1391,跨区常规公交线路,顶柯站点,118.1522279,24.67036207
1392,跨区常规公交线路,顶溪头站点,118.1679111,24.72485232
1393,跨区常规公交线路,顶许站点,118.0084681,24.63113625
1394,岛内常规公交线路,顺承大厦站点,118.0947045,24.48846606
1395,跨区常规公交线路,香山海景苑站点,118.1768375,24.48357893
1396,岛内常规公交线路,香秀路口站点,118.1282688,24.49353941
1397,跨区常规公交线路,马厝社区站点,118.1798273,24.50595374
,,,,
1399,岛内常规公交线路,马垅(火炬园)站点,118.1184218,24.5196075
1400,岛内常规公交线路,马垅站点,118.1123342,24.5168117
1401,跨区常规公交线路,马塘站点,118.1777432,24.75893843
1402,跨区常规公交线路,马巷农客站站点,118.2561439,24.65742502
1403,跨区常规公交线路,马巷市场站点,118.2004684,24.71492459
1404,跨区常规公交线路,马巷车站站点,118.2478322,24.66781512
1405,跨区常规公交线路,马池塘站点,118.2379971,24.5707264
1406,轨道交通线路,马銮中心[地铁]站点,117.9829174,24.54891675
1407,跨区常规公交线路,马銮公寓站点,118.0255123,24.56190844
1408,跨区常规公交线路,马銮后尾站点,118.0327299,24.55452726
1409,跨区常规公交线路,马銮村站点,118.0285773,24.55626291
1410,轨道交通线路,马青路[地铁]站点,118.0285021,24.53430294
1411,漳州城际公交线路,马青路院前站点,118.0285021,24.53430294
1412,跨区常规公交线路,高崎2站点,118.1232696,24.49498942
1413,岛内常规公交线路,高崎T3候机楼站点,118.1232696,24.49498942
1414,岛内常规公交线路,高崎T4候机楼站点,118.1232696,24.49498942
1415,岛内常规公交线路,高崎T4公交场站站点,118.0675802,24.4667071
1416,轨道交通线路,高崎[地铁]站点,118.1191409,24.5474443
1417,岛内常规公交线路,高崎一组站点,118.0978549,24.52504646
1418,岛内常规公交线路,高崎公交场站站点,118.0675802,24.4667071
1419,岛内常规公交线路,高崎南五路站点,118.1378359,24.54023109
1420,岛内常规公交线路,高崎小学站点,118.106655,24.54937245
1421,岛内常规公交线路,高崎工业区站点,118.1026105,24.51378651
1422,岛内常规公交线路,高崎新村站点,118.1191409,24.5474443
1423,跨区常规公交线路,高崎站点,118.1232696,24.49498942
1424,岛内常规公交线路,高崎远东学院站点,118.1167083,24.54489265
1425,跨区常规公交线路,高崎避风坞站点,118.080591,24.44178631
1426,定制公交线路,高林(眼科中心)站点,118.1841802,24.5004138
1427,跨区常规公交线路,高林中路站点,118.1729062,24.50523882
1428,岛内常规公交线路,高林公交场站站点,118.0675802,24.4667071
1429,岛内常规公交线路,高林居住区站点,118.1827833,24.50804537
1430,岛内常规公交线路,高林社区站点,118.1733819,24.51163957
1431,岛内常规公交线路,高林西村站点,118.1749717,24.51393484
1432,岛内常规公交线路,高林路站点,118.1769901,24.50936198
1433,岛内常规公交线路,高殿中心小学站点,118.1044809,24.53327567
1434,岛内常规公交线路,高殿中心幼儿园站点,118.1079757,24.53243549
1435,岛内常规公交线路,高殿路站点,118.1050802,24.53669633
1436,跨区常规公交线路,高浦东站点,118.1280673,24.4946213
1437,跨区常规公交线路,高浦站点,118.063721,24.69646503
1438,跨区常规公交线路,高浦西站点,118.063721,24.69646503
1439,定制公交线路,鱼孚路站点,117.9943093,24.6155156
1440,跨区常规公交线路,鳌冠村站点,118.0514415,24.52802907
1441,跨区常规公交线路,鸿渐中学站点,118.2165492,24.7470589
,,,,
1443,漳州城际公交线路,鸿鑫财富广场站点,118.1544459,24.48003448
1444,差异化公交线路,鹭江宾馆站点,118.0697134,24.45623187
1445,跨区常规公交线路,鹭江道站点,118.0700242,24.45607852
1446,岛内常规公交线路,鹭滨路口站点,118.1391433,24.53294237
1447,岛内常规公交线路,麦德龙站点,118.1046437,24.52318258
1448,岛内常规公交线路,黄厝公交场站站点,118.0675802,24.4667071
1449,岛内常规公交线路,黄厝浴场站点,118.1588181,24.4461345
1450,差异化公交线路,黄厝海滨站点,118.1522459,24.44637449
1451,岛内常规公交线路,黄厝石胄头站点,118.1689285,24.4588149
1452,漳州城际公交线路,黄金海岸站点,118.0693907,24.46888447
1453,跨区常规公交线路,黎安站点,118.2586202,24.59382033
1454,轨道交通线路,鼎美[地铁]站点,118.0902933,24.57619896
1455,轮渡线路,鼓浪屿三丘田码头站点,118.0640563,24.45214576
1456,轮渡线路,鼓浪屿内厝澳码头站点,118.0538306,24.4490497
1457,轮渡线路,鼓浪屿钢琴码头站点,118.0680871,24.4491273
1458,轨道交通线路,鼓锣[地铁]站点,118.1332455,24.4949475
1459,跨区常规公交线路,龙井站点,117.9506615,24.57065099
1460,跨区常规公交线路,龙亭三里站点,118.0529937,24.6043633
1461,岛内常规公交线路,龙华里站点,118.1322388,24.4906094
1462,岛内常规公交线路,龙山东路口站点,118.1369187,24.48746385
1463,岛内常规公交线路,龙山中路口站点,118.1345154,24.49133682
1464,岛内常规公交线路,龙山南路站点,118.1362584,24.4859206
1465,岛内常规公交线路,龙山桥站点,118.1265596,24.47841584
1466,岛内常规公交线路,龙昌路口站点,118.1331639,24.48675114
1467,跨区常规公交线路,龙昌里站点,118.1366588,24.49247522
1468,漳州城际公交线路,龙池医院站点,118.0792821,24.45806419
1469,岛内常规公交线路,龙湫四里站点,118.1699435,24.4950968
1470,岛内常规公交线路,龙潭花园站点,118.127932,24.50963424
1471,跨区常规公交线路,龙盛里站点,118.133839,24.49084775